gene,pval,logfoldchanges,cluster
LTB,8.041650329140613e-62,8.078968,0
NPM1,4.546445746581225e-46,4.055139,0
SELL,7.451589865827636e-42,3.5625405,0
YBX1,1.5987455535745818e-29,2.4030402,0
IER2,1.065352437944658e-28,3.136789,0
PLAC8,3.8759559532967096e-28,2.3872786,0
HNRNPA1,2.642858946761171e-24,3.3806407,0
JUND,1.348536186242188e-23,2.3389137,0
LYZ,1.4048572276830443e-21,2.3101737,0
FOSB,1.2768187103376114e-21,2.7387605,0
S100A8,6.145578676437943e-20,2.41007,0
CD52,2.151123615636298e-18,4.0861263,0
S100A9,1.8676806156288645e-18,1.9044355,0
ACTG1,2.5994972260218853e-17,4.303857,0
FTL,4.704965305690885e-16,3.155937,0
PA2G4,3.66497083547664e-12,1.3577465,0
PTMA,6.813107155334617e-11,4.5482206,0
VSIG1,4.487164626736112e-11,3.9069135,0
GYPC,5.970515313532731e-10,1.132058,0
CCR7,7.41119573378193e-10,1.7009041,0
AIF1,1.907893989711517e-09,1.66206,0
PPP1R14B,2.8565716506361994e-09,2.7005725,0
S100A12,4.061809130074059e-09,24.975714,0
CHI3L2,7.981651101218129e-09,3.2864602,0
TKT,1.1036828516200865e-08,1.1550175,0
PASK,1.9066788404070172e-08,1.6660641,0
FXN,2.4657036510319353e-08,2.2329264,0
NME4,2.685654722584961e-08,2.01556,0
DUT,6.473056993002583e-08,1.1146332,0
CMTM8,7.652164303823017e-08,1.9901901,0
TRAP1,7.210439110234671e-08,2.4171717,0
NEAT1,8.395750926219023e-08,1.4902556,0
VIM,1.08890759509403e-07,2.4958575,0
HMGB1,2.4344482892566297e-07,1.0816131,0
BRI3,3.529234950341641e-07,1.5722339,0
GLRX5,4.815829573333521e-07,1.4962066,0
CCT2,5.427134581381155e-07,1.1739441,0
TUBB,1.0794157711921358e-06,0.98625004,0
LIMS1,1.736726938728961e-06,1.146216,0
AP1S2,2.9276537436422098e-06,1.1002539,0
HMGA1,3.0886411341542814e-06,1.0403663,0
ZFP36L1,3.139948584563049e-06,0.95879483,0
MAP2K2,4.848007553238334e-06,1.3326002,0
SSR4,5.140955606428803e-06,0.7593242,0
SERBP1,7.321730674527973e-06,0.85399103,0
SLC40A1,7.029885226491764e-06,1.9027667,0
KLRF1,7.140368834653422e-06,24.117266,0
PHACTR1,7.140368834653422e-06,24.117266,0
LMO7,7.494619726173785e-06,3.1900842,0
METAP2,9.333940319719503e-06,1.0678803,0
SUB1,1.2688154884000281e-05,0.83375067,0
NPC2,1.5355509264226463e-05,0.90555733,0
HMBS,1.3976198761984859e-05,3.0756469,0
PAICS,1.5468310766263558e-05,1.7933683,0
IER5,1.7880441220455677e-05,1.4130825,0
LST1,1.9653557928379162e-05,1.3096371,0
UBAC1,2.0278569943072803e-05,2.0084088,0
ACTB,2.665690096241806e-05,6.5461326,0
CCT6A,3.3966532654652685e-05,0.96754515,0
CD79B,3.430455501123558e-05,1.5960182,0
RAN,3.651575430530655e-05,0.773235,0
HEMGN,3.41087353974734e-05,24.320858,0
SOCS2,3.6463436533391574e-05,1.5903354,0
TMEM14B,4.3213588870462546e-05,0.826964,0
CD36,4.21846787468195e-05,24.117266,0
JUN,5.0139667091523916e-05,2.2977614,0
NME1,5.265480490283253e-05,1.3605788,0
NUP214,6.971175932776081e-05,2.1214204,0
SLIRP,8.058246778602209e-05,0.99568045,0
MKRN1,9.72332264162781e-05,0.91389537,0
UROS,9.795097387005256e-05,1.2256093,0
ECI2,0.00010699207147311448,1.2115651,0
FBLN5,0.00013154302960024063,1.6537964,0
PRR4,0.00013442386385820767,1.8751837,0
HBA1,0.0001562916924649755,23.792728,0
SLC7A7,0.00017612420468446718,23.59878,0
HOXB2,0.0002483038252797035,1.2144461,0
FGR,0.00024356690142665182,2.8164673,0
ISOC2,0.0002544866292155728,1.5980502,0
SLC25A39,0.0002625913341647337,0.9659187,0
NCL,0.0003129692527009687,0.6538299,0
PARD6B,0.0003018119540866647,23.491213,0
RGL4,0.0003465280737884709,1.0860846,0
IFIT3,0.00034446301236913397,24.442457,0
HIST1H4C,0.00041381346238060415,0.97014594,0
S100B,0.00043868622042750414,25.130333,0
IL32,0.000515985372449727,1.7799766,0
REXO2,0.0005217598732456946,0.889156,0
CMBL,0.0005181788047782095,23.375084,0
TMEM176B,0.0005644558537431553,23.698967,0
EGR1,0.0006138888936193188,1.121667,0
FCN1,0.0006362769525980364,1.8979952,0
GSTP1,0.0007103337726288245,0.71456015,0
PRDX2,0.0007591817908843053,0.6417433,0
SLC2A1,0.0007296176108916231,2.1871846,0
GNLY,0.000823167410773441,1.55427,0
EMP2,0.0008916831365980337,23.248901,0
IFIT2,0.0008943749965017004,25.800762,0
SLC25A37,0.001395673044020266,1.2033532,0
PILRA,0.001538626191386764,23.110746,0
RANBP1,0.0018754341964718824,0.6879329,0
MT1F,0.0020874151352398445,1.0824556,0
CTSZ,0.0020706248934327614,1.650637,0
PTCH2,0.0020814143206666913,2.502208,0
METTL13,0.0021943770584859244,1.5958863,0
UROD,0.0023059323638981877,1.1075578,0
MCM7,0.0024193786524546765,1.4998418,0
ZWINT,0.0024925995144138503,2.768508,0
RUVBL2,0.002644765453806808,1.4801468,0
LILRB2,0.0026638491692058293,22.958092,0
CD33,0.0026638491692058293,22.958092,0
CD8B,0.0028995832554939904,1.4546188,0
RNF145,0.003037161191186485,0.88588184,0
HIST1H2AG,0.0030658047046151706,2.4426615,0
HVCN1,0.0031850969114384595,2.502208,0
VCAN,0.0035179349165067905,1.7056204,0
PTP4A3,0.003810396956174485,1.3301156,0
TIMM13,0.0038620249208638343,0.708518,0
FCGR3A,0.003916783194110583,1.8979952,0
MAFB,0.004489787521936375,2.380608,0
EPS8L1,0.0046311170574016595,22.787516,0
TFR2,0.0046311170574016595,22.787516,0
NMNAT3,0.0046311170574016595,22.787516,0
PF4,0.004864839693140279,24.442457,0
ARV1,0.005503639816195679,1.480054,0
TUBA1B,0.005477137955971508,0.635952,0
MYOM2,0.0057288234081476755,1.9856912,0
PPBP,0.005782687193050646,26.156586,0
CCR10,0.007075672204233315,3.0354645,0
PTPRE,0.007562907946638532,1.0477726,0
UTS2,0.007576540433865646,23.248901,0
PCSK1N,0.008046171472407373,2.8164673,0
PTPRS,0.00809339969648748,22.59422,0
CPNE5,0.00809339969648748,22.59422,0
LEPR,0.00809339969648748,22.59422,0
HCK,0.00809339969648748,22.59422,0
MUC20,0.00809339969648748,22.59422,0
TCL1A,0.00809339969648748,22.59422,0
SGCE,0.00809339969648748,22.59422,0
SEC11C,0.008893760357404551,0.64516705,0
JUNB,0.009188474883096182,1.8357755,0
MIF,0.009606941428440067,0.5332592,0
IRF7,0.011345093607258992,0.8734834,0
CCNE1,0.011348842891298984,22.787516,0
GRN,0.011967806919647498,0.7994013,0
RALGPS2,0.01326077311432321,2.2480586,0
CX3CR1,0.014239917071477086,22.371176,0
RBP4,0.014239917071477086,22.371176,0
SPIB,0.014239917071477086,22.371176,0
ADAM23,0.014239917071477086,22.371176,0
CCND1,0.014239917071477086,22.371176,0
FPR1,0.014239917071477086,22.371176,0
BEX1,0.014239917071477086,22.371176,0
TPGS2,0.014559937183876147,0.89115936,0
UBE2S,0.01563223275627846,0.91826427,0
TFDP1,0.016074352984274395,0.8506232,0
CPVL,0.017958650082147642,24.934418,0
COTL1,0.01806105258144444,0.5925072,0
CCNB1,0.019563039822886152,22.59422,0
PYCARD,0.02119666585597605,0.5753167,0
CD14,0.021124668790768204,1.4447006,0
NCOA7,0.022514733357429224,0.69460785,0
IFI6,0.023942372087277803,0.65196365,0
HBB,0.025071761810850083,0.98751223,0
PEG10,0.02528108699779688,22.10749,0
HIST1H2BJ,0.02528108699779688,22.10749,0
ADD2,0.02528108699779688,22.10749,0
CD302,0.02528108699779688,22.10749,0
TBC1D16,0.02528108699779688,22.10749,0
SPAG4,0.02528108699779688,22.10749,0
VPREB3,0.02528108699779688,22.10749,0
KCNH2,0.02528108699779688,22.10749,0
LMO2,0.02528108699779688,22.10749,0
FCRLA,0.02528108699779688,22.10749,0
LRRC25,0.02528108699779688,22.10749,0
TBXA2R,0.02528108699779688,22.10749,0
E2F5,0.02528108699779688,22.10749,0
DMC1,0.02528108699779688,22.10749,0
DKC1,0.02625954094639772,0.74549466,0
MT1E,0.026494022341115652,1.2608209,0
CAV1,0.027353735520979916,2.1770167,0
MT2A,0.028600896986980238,0.7182364,0
MT1X,0.029368380701310075,0.5631294,0
IFIT1,0.029526615149184265,2.1023638,0
FHL2,0.03244777259636265,22.787516,0
RHD,0.03383431865414297,22.371176,0
TNFRSF13B,0.03383431865414297,22.371176,0
PRSS27,0.03383431865414297,22.371176,0
KIF2C,0.03383431865414297,22.371176,0
TWISTNB,0.035890976036404496,0.8160838,0
PRDX4,0.037674960350814066,0.7701602,0
HBA2,0.03829781440160605,1.1248176,0
STXBP2,0.03882311607204124,0.5399168,0
TUBB1,0.03953653890813703,23.375084,0
KCTD12,0.043768720040039816,1.9405947,0
TMEM14C,0.045790543107584444,0.45862678,0
CSF1R,0.045451376018683154,21.784912,0
GATA2,0.045451376018683154,21.784912,0
CYP1B1,0.045451376018683154,21.784912,0
PEBP4,0.045451376018683154,21.784912,0
RBP7,0.045451376018683154,21.784912,0
TGFA,0.045451376018683154,21.784912,0
ITGA2B,0.045451376018683154,21.784912,0
HMOX1,0.045451376018683154,21.784912,0
PAK1IP1,0.05325918961063277,0.9769742,0
PHGDH,0.05480238518620325,1.4993082,0
ISG15,0.056462574969148784,0.534811,0
CDC20,0.05774554135952282,22.371176,0
PTCRA,0.05874897157084857,22.10749,0
MMD,0.05944806248163283,1.0297433,0
STMN1,0.05948629123882378,0.7328804,0
ACSS1,0.059923782245346745,0.75910294,0
RTKN2,0.06035470697610626,1.1637686,0
RNF130,0.06232167244163708,0.9465258,0
FCER1G,0.06405047385305036,0.58785564,0
CCDC144A,0.07363198902036629,1.7587184,0
SAT1,0.07667349868199376,0.46843722,0
FGFBP2,0.07879060141074586,1.3777084,0
HSP90B1,0.08038935067826199,0.34648508,0
CNKSR2,0.08191762583092695,1.7587184,0
NRGN,0.08266131034560543,24.803173,0
KLF10,0.08322895487490109,0.7090138,0
PBX1,0.08326439096173513,21.369225,0
ACRBP,0.08326439096173513,21.369225,0
PLK1,0.08326439096173513,21.369225,0
PKIB,0.08326439096173513,21.369225,0
GJB6,0.08326439096173513,21.369225,0
LCN2,0.08326439096173513,21.369225,0
CCDC13,0.08326439096173513,21.369225,0
KRT7,0.08326439096173513,21.369225,0
TMEM40,0.08326439096173513,21.369225,0
PYCR1,0.08326439096173513,21.369225,0
AGR3,0.08326439096173513,21.369225,0
TIMD4,0.08326439096173513,21.369225,0
SNCG,0.08326439096173513,21.369225,0
RASSF6,0.08326439096173513,21.369225,0
GP9,0.08326439096173513,21.369225,0
FCRL5,0.08326439096173513,21.369225,0
PDZK1IP1,0.08326439096173513,21.369225,0
CFAP53,0.08326439096173513,21.369225,0
SERPINB2,0.08326439096173513,21.369225,0
CD34,0.08326439096173513,21.369225,0
BGLAP,0.08326439096173513,21.369225,0
FAM177B,0.08326439096173513,21.369225,0
AKR1C1,0.08326439096173513,21.369225,0
BASP1,0.08326439096173513,21.369225,0
APLP2,0.09212339216239343,0.56489724,0
PCNA,0.0978838148442826,0.64880943,0
BIRC5,0.10249616135851754,21.784912,0
CMTM5,0.10249616135851754,21.784912,0
MNDA,0.1055452302731386,0.9854634,0
MYBL2,0.1083270835841703,22.59422,0
CTSS,0.10974445285237212,0.3129435,0
HES1,0.10962652991304854,2.023709,0
TCF7L2,0.11042989184686669,1.6585308,0
IL22,0.11051442588942255,24.256075,0
CDKN1C,0.11112522103293478,1.3777084,0
GAPDH,0.11161543755554192,0.69503444,0
CYBB,0.1194910309122115,1.2451588,0
S100A10,0.12248329238562564,0.4183661,0
S100A6,0.12693661653913257,0.6137852,0
RPL22L1,0.13590904857188935,0.31827068,0
TK1,0.1443706113179934,23.963959,0
CHST2,0.14728606215753534,1.5509639,0
LGALS2,0.14728606215753534,1.5509639,0
MOB3C,0.14975849000475583,1.0237813,0
LXN,0.15638067337804545,0.89926696,0
TRBV14,0.15739280857504895,22.371176,0
GNAZ,0.15739280857504906,20.783611,0
CMTM2,0.15739280857504906,20.783611,0
IGLL1,0.15739280857504906,20.783611,0
LGALSL,0.15739280857504906,20.783611,0
CD19,0.15739280857504906,20.783611,0
IGLV3-1,0.15739280857504906,20.783611,0
ORM2,0.15739280857504906,20.783611,0
CCDC17,0.15739280857504906,20.783611,0
CTSG,0.15739280857504906,20.783611,0
STXBP6,0.15739280857504906,20.783611,0
NKX2-1,0.15739280857504906,20.783611,0
ENHO,0.15739280857504906,20.783611,0
LY6D,0.15739280857504906,20.783611,0
WDR17,0.15739280857504906,20.783611,0
SFN,0.15739280857504906,20.783611,0
ROPN1L,0.15739280857504906,20.783611,0
PAPPA,0.15739280857504906,20.783611,0
AC008268.1,0.15739280857504906,20.783611,0
IL1R2,0.15739280857504906,20.783611,0
SFTA1P,0.15739280857504906,20.783611,0
FCGBP,0.15739280857504906,20.783611,0
PPP1R14A,0.15739280857504906,20.783611,0
TNFAIP6,0.15739280857504906,20.783611,0
CD22,0.15739280857504906,20.783611,0
SIGLEC10,0.15739280857504906,20.783611,0
FOLR2,0.15739280857504906,20.783611,0
UPK3B,0.15739280857504906,20.783611,0
DDR2,0.15739280857504906,20.783611,0
LAMP5,0.15739280857504906,20.783611,0
CDK1,0.15739280857504906,20.783611,0
CENPA,0.15739280857504906,20.783611,0
POU2AF1,0.15739280857504906,20.783611,0
AKR1C2,0.15739280857504906,20.783611,0
IGKV1-12,0.15739280857504906,20.783611,0
ZNF556,0.15739280857504906,20.783611,0
EBI3,0.15739280857504906,20.783611,0
LY6G6F,0.15739280857504906,20.783611,0
PLIN5,0.15739280857504906,20.783611,0
CLEC10A,0.15739280857504906,20.783611,0
JSRP1,0.15739280857504906,20.783611,0
PFKFB2,0.15739280857504906,20.783611,0
PLD4,0.15739280857504906,20.783611,0
FAM210B,0.16072610507864143,0.6435939,0
ANXA2,0.16498942872633984,0.2983741,0
IFITM3,0.16566116623036642,0.3810925,0
PMCH,0.16562058881188976,22.10749,0
CD300E,0.18078967758224837,1.4348351,0
PCCB,0.19096681275986332,0.7812362,0
CDK6,0.20275318629036643,0.48979136,0
LYN,0.2033684067044727,0.911444,0
GTSE1,0.20604641825893844,21.784912,0
FOS,0.21304741911450487,0.6981598,0
HNRNPAB,0.2133331216547385,0.3651801,0
PSMG1,0.21912808170180134,0.6435939,0
S100A4,0.22421297460415776,1.0801204,0
PRKAR2B,0.22541292462974616,22.10749,0
IRF8,0.22884051298798594,1.099464,0
CES1,0.23000452401809549,1.0208093,0
KRT1,0.2297734720016457,1.174117,0
SLC38A5,0.2334624158054293,0.7019255,0
VDAC3,0.23810803951770815,0.29933554,0
CXCL1,0.23820725532025028,1.3086526,0
TMEM176A,0.23820725532025028,1.3086526,0
RECK,0.24075169053890869,0.7598029,0
LYAR,0.24435494016198736,0.31625283,0
ALAD,0.24786416911793416,0.6969034,0
FAM89A,0.2477991946469927,0.8518975,0
TNFSF13B,0.2572113098082616,0.6969034,0
IL17A,0.2644773301144791,22.958092,0
CLIC3,0.27133487022599145,0.63357365,0
CLEC7A,0.28120816881679517,0.93769497,0
FDX1,0.28431199559576636,0.29589805,0
IL23A,0.28791751473874005,0.49258846,0
RRM2,0.28915264052626116,23.880844,0
RGS18,0.2977044561669245,0.93769497,0
RHOB,0.3092647650071489,0.4754349,0
APOBEC3A,0.3097394256070671,1.1704977,0
MEF2C,0.3097394256070671,1.1704977,0
CD93,0.3097394256070671,1.1704977,0
CD177,0.31752884371131296,22.371176,0
ATP12A,0.3175288437113131,19.78296,0
CFB,0.3175288437113131,19.78296,0
LYPD2,0.3175288437113131,20.783611,0
GFI1B,0.3175288437113131,19.78296,0
LRRC26,0.3175288437113131,19.78296,0
C11orf88,0.3175288437113131,19.78296,0
OLFM1,0.3175288437113131,19.78296,0
KITLG,0.3175288437113131,19.78296,0
TXNDC5,0.3175288437113131,19.78296,0
TRBV6-5,0.3175288437113131,19.78296,0
CA3,0.3175288437113131,19.78296,0
PACRG,0.3175288437113131,19.78296,0
ARHGAP6,0.3175288437113131,19.78296,0
MEG3,0.3175288437113131,19.78296,0
NXPH4,0.3175288437113131,19.78296,0
SLC6A14,0.3175288437113131,19.78296,0
TREML1,0.3175288437113131,19.78296,0
CD72,0.3175288437113131,19.78296,0
LY6H,0.3175288437113131,19.78296,0
GPX2,0.3175288437113131,19.78296,0
DRD4,0.3175288437113131,19.78296,0
RNASE2,0.3175288437113131,19.78296,0
SDR16C5,0.3175288437113131,19.78296,0
GPRC5A,0.3175288437113131,19.78296,0
FOLR1,0.3175288437113131,19.78296,0
CA8,0.3175288437113131,19.78296,0
TRAV12-3,0.3175288437113131,19.78296,0
TRBV7-2,0.3175288437113131,19.78296,0
STC1,0.3175288437113131,19.78296,0
HBD,0.3175288437113131,19.78296,0
CST6,0.3175288437113131,19.78296,0
MMP7,0.3175288437113131,19.78296,0
TFPI2,0.3175288437113131,19.78296,0
SDC2,0.3175288437113131,19.78296,0
FAM178B,0.3175288437113131,19.78296,0
RND3,0.3175288437113131,19.78296,0
KIF18B,0.3175288437113131,19.78296,0
GALNT5,0.3175288437113131,19.78296,0
SLC38A11,0.3175288437113131,19.78296,0
SPC25,0.3175288437113131,19.78296,0
KRT23,0.3175288437113131,19.78296,0
C1orf189,0.3175288437113131,19.78296,0
CHL1,0.3175288437113131,19.78296,0
EFHB,0.3175288437113131,19.78296,0
IGLV2-8,0.3175288437113131,19.78296,0
OMG,0.3175288437113131,19.78296,0
CAMP,0.3175288437113131,19.78296,0
TNNC1,0.3175288437113131,19.78296,0
ZMYND15,0.3175288437113131,19.78296,0
CRCT1,0.3175288437113131,19.78296,0
DPEP3,0.3175288437113131,19.78296,0
CETP,0.3175288437113131,19.78296,0
MT1H,0.3175288437113131,19.78296,0
MYL4,0.3175288437113131,19.78296,0
CYGB,0.3175288437113131,19.78296,0
TMEM56,0.3175288437113131,19.78296,0
FCGR2B,0.3175288437113131,19.78296,0
CDC42BPA,0.3175288437113131,19.78296,0
GDF15,0.3175288437113131,19.78296,0
CYP2F1,0.3175288437113131,19.78296,0
FAM129C,0.3175288437113131,19.78296,0
CEACAM6,0.3175288437113131,19.78296,0
CCDC151,0.3175288437113131,19.78296,0
AZU1,0.3175288437113131,19.78296,0
PRSS57,0.3175288437113131,19.78296,0
PI3,0.3175288437113131,19.78296,0
IGKV1-5,0.3175288437113131,19.78296,0
KLK2,0.3175288437113131,19.78296,0
SIRPD,0.3175288437113131,19.78296,0
SERPINB3,0.3175288437113131,19.78296,0
CACNG8,0.3175288437113131,19.78296,0
IGKV2D-29,0.3175288437113131,19.78296,0
LILRA4,0.3175288437113131,19.78296,0
TMEM190,0.3175288437113131,19.78296,0
SPAG17,0.3175288437113131,19.78296,0
CCL7,0.3175288437113131,19.78296,0
CLC,0.3175288437113131,19.78296,0
DEPDC1,0.3175288437113131,19.78296,0
IGHV3-7,0.3175288437113131,19.78296,0
TRBV4-1,0.3175288437113131,19.78296,0
CXCL5,0.3175288437113131,19.78296,0
ORM1,0.3175288437113131,19.78296,0
BANK1,0.3175288437113131,19.78296,0
HDC,0.3175288437113131,19.78296,0
FGFBP1,0.3175288437113131,19.78296,0
CLNK,0.3175288437113131,19.78296,0
CDC20B,0.3175288437113131,19.78296,0
CXCL11,0.3175288437113131,19.78296,0
CXCL13,0.3175288437113131,20.783611,0
MPEG1,0.34069209185749805,0.84958005,0
IGSF6,0.34069209185749805,0.84958005,0
SOD2,0.3458540554603765,0.28683877,0
CDKN3,0.3540094218912393,1.1704977,0
ALDH2,0.35731774704955976,0.5744332,0
CCL3,0.3586112838091886,0.5227638,0
SOX4,0.37335430952731097,0.8612103,0
TYMS,0.3964476580701912,1.9405947,0
CRELD2,0.4146770425616334,0.23227152,0
MKI67,0.42608763473590316,1.6585308,0
CPPED1,0.4266249051482899,0.5507392,0
HSBP1,0.448864409529779,0.21438466,0
RFESD,0.45463894960927087,0.5862527,0
RUFY1,0.45697597653369604,0.32370466,0
WARS,0.46422119128573525,0.3753064,0
LTC4S,0.4657456188000302,0.43598348,0
SLC39A3,0.4662385341991502,0.32413915,0
MS4A6A,0.47904961173009564,0.4935028,0
PLA2G2A,0.4860452642582206,0.6556312,0
AGER,0.49401134000325153,0.6556312,0
SPP1,0.501441909225919,0.8472669,0
CSTA,0.5031297974818231,0.3946876,0
RAB32,0.5161390721515033,0.8472669,0
RASGRP3,0.5227899966813704,0.5115998,0
ITGB1,0.5251298411863388,0.14391333,0
CLSPN,0.529622652151525,0.8472669,0
CMC1,0.5371347121001446,0.23330183,0
PSAP,0.5446700157718662,0.12326013,0
CLDN5,0.5518578145842848,0.43395627,0
UNG,0.5565764224294312,0.27473223,0
H2AFZ,0.5569842539305593,0.12480818,0
GCLM,0.5711500383784704,0.2277218,0
CSF3R,0.5720388650418291,0.5480642,0
TPPP3,0.5720388650418291,0.5480642,0
TCTEX1D2,0.5768440654199728,0.27473223,0
HIST1H2AC,0.598385596439975,0.23861334,0
SCGB3A2,0.6014595891557999,0.432945,0
KRT18,0.6060801957965709,0.37190297,0
CPOX,0.6117066381881494,0.30849114,0
S100A11,0.6211322152488717,0.124857776,0
MDK,0.6230692220842688,0.65397066,0
VMO1,0.6230692220842688,0.65397066,0
MARCH1,0.6230692220842688,0.65397066,0
NUF2,0.6353858767941418,0.65397066,0
CDT1,0.6465742438614677,0.65397066,0
LPCAT3,0.6596409956483829,0.22835866,0
FGL2,0.6735795344652006,0.2810063,0
HSD17B7,0.6780053696394543,0.19968879,0
CDK4,0.680764120158146,0.14362602,0
KLRD1,0.6809201392710921,0.23861334,0
AK1,0.6817026949896001,0.19968879,0
ST6GALNAC4,0.6908312152120966,0.20246795,0
TYMP,0.7214581427887774,0.089884795,0
KLF4,0.7288115397163151,0.20246795,0
IFI27,0.7440420138506977,0.15049374,0
MATK,0.7478862190843969,0.118741065,0
RND1,0.7604875437810279,0.23935324,0
F13A1,0.7610155568473757,0.4309272,0
CSF2RB,0.7610155568473757,0.4309272,0
CST3,0.7702927205036538,0.146481,0
TPM1,0.7757599414477249,0.14369684,0
FSCN1,0.7768138526838222,0.30575287,0
DNASE1L3,0.7840854747417974,0.4309272,0
MED24,0.7905555244212882,0.13702792,0
GEM,0.7907829779620505,0.2617158,0
CA2,0.7912382325725726,0.30575287,0
ASPM,0.8015574642303104,0.4309272,0
CTSH,0.8079760760045678,0.07527567,0
OAT,0.8139701310624095,0.07519838,0
MINPP1,0.8288828848584704,0.16831146,0
IFI30,0.8312614300430956,0.13256446,0
BLVRB,0.8448580985338286,0.09521682,0
SERPINF1,0.8527567424301927,0.16795443,0
TYROBP,0.8591356447197176,0.059598714,0
HEBP1,0.8675131895503169,0.07729057,0
ABCA3,0.8766116993572438,0.16759789,0
PLBD1,0.8766116993572438,0.16759789,0
PCOLCE,0.8766116993572438,0.16759789,0
PRC1,0.8766116993572438,0.16759789,0
TTC38,0.9062539199435253,0.09365854,0
TSPAN13,0.9127556453111976,0.16724186,0
HP,0.9127556453111976,0.16724186,0
TCF4,0.9127556453111976,0.16724186,0
IGF1,0.9127556453111976,0.16724186,0
PCBP3,0.9160547807384484,0.16724186,0
PLCG2,0.9209815363507212,0.052787464,0
TPX2,0.9216676415369706,0.16724186,0
NKG7,0.9468949053216125,0.030156583,0
TPM2,0.9473007944113211,0.047069184,0
CTSW,0.9686539095183628,0.011078469,0
DCAF12,0.978689999011144,0.015124903,0
CD68,0.981651560722327,0.015064255,0
HES4,0.985423084393437,0.015003769,0
FCER1A,0.9894190817145558,0.014943444,0
SCD,0.9896306047913841,0.014943444,0
ASF1B,0.9905260795270041,0.014943444,0
CCL20,0.9947886982761913,0.0051471433,0
IL20,1.0,0.0,0
EFCAB1,1.0,0.0,0
CLCNKB,1.0,0.0,0
PRDM16,1.0,0.0,0
TRBV30,1.0,0.0,0
AOC1,1.0,0.0,0
CALB1,1.0,0.0,0
PBK,1.0,0.0,0
HSD3B2,1.0,0.0,0
ZMAT4,1.0,0.0,0
CTSE,1.0,0.0,0
CFHR1,1.0,0.0,0
ERICH3,1.0,0.0,0
SELENBP1,1.0,0.0,0
CRH,1.0,0.0,0
FAM183A,1.0,0.0,0
LDLRAD1,1.0,0.0,0
CD1B,1.0,0.0,0
ATP1A2,1.0,0.0,0
CLCA4,1.0,0.0,0
CD5L,1.0,0.0,0
PLP1,1.0,0.0,0
APOA2,1.0,0.0,0
BCAN,1.0,0.0,0
XAGE2,1.0,0.0,0
S100A1,1.0,0.0,0
LAMC2,1.0,0.0,0
BSND,1.0,0.0,0
GATA1,1.0,0.0,0
SPRR2G,1.0,0.0,0
SPRR1A,1.0,0.0,0
CA1,1.0,0.0,0
LAMB3,1.0,0.0,0
NDP,1.0,0.0,0
DEFA3,1.0,0.0,0
DNASE2B,1.0,0.0,0
FMO2,1.0,0.0,0
CD1A,1.0,0.0,0
TSLP,1.0,0.0,0
TRBV27,1.0,0.0,0
PGC,1.0,0.0,0
TM4SF19,1.0,0.0,0
ZDHHC19,1.0,0.0,0
GMPR,1.0,0.0,0
ATP13A4-AS1,1.0,0.0,0
SPTSSB,1.0,0.0,0
HIST1H3B,1.0,0.0,0
CP,1.0,0.0,0
CPB1,1.0,0.0,0
RBP2,1.0,0.0,0
CLDN18,1.0,0.0,0
TRH,1.0,0.0,0
PGBD1,1.0,0.0,0
UBD,1.0,0.0,0
MUC13,1.0,0.0,0
ITGB5,1.0,0.0,0
UPK1B,1.0,0.0,0
DNAH12,1.0,0.0,0
CYTL1,1.0,0.0,0
FDCSP,1.0,0.0,0
ALB,1.0,0.0,0
ADH7,1.0,0.0,0
CRHBP,1.0,0.0,0
CCNO,1.0,0.0,0
ESM1,1.0,0.0,0
SPINK1,1.0,0.0,0
SPINK5,1.0,0.0,0
FGA,1.0,0.0,0
GYPE,1.0,0.0,0
HAND1,1.0,0.0,0
CXCL6,1.0,0.0,0
ADH1C,1.0,0.0,0
FABP6,1.0,0.0,0
FOXI1,1.0,0.0,0
IBSP,1.0,0.0,0
RANBP17,1.0,0.0,0
CPLX2,1.0,0.0,0
CXCL9,1.0,0.0,0
LTF,1.0,0.0,0
RSPH9,1.0,0.0,0
ACTA1,1.0,0.0,0
CRISP2,1.0,0.0,0
IGKV1-9,1.0,0.0,0
PPP1R9A,1.0,0.0,0
IGKV1-6,1.0,0.0,0
AZGP1,1.0,0.0,0
IGKV1-8,1.0,0.0,0
FABP1,1.0,0.0,0
CD207,1.0,0.0,0
GKN1,1.0,0.0,0
CNRIP1,1.0,0.0,0
LINC01510,1.0,0.0,0
CPA4,1.0,0.0,0
CAPN14,1.0,0.0,0
MYCN,1.0,0.0,0
TRBV4-2,1.0,0.0,0
TRBV7-3,1.0,0.0,0
TRBV9,1.0,0.0,0
CHRM3,1.0,0.0,0
IGKV3-11,1.0,0.0,0
IGKV1-16,1.0,0.0,0
IGKV2-30,1.0,0.0,0
NPY,1.0,0.0,0
CRISP3,1.0,0.0,0
GSTA2,1.0,0.0,0
C6orf58,1.0,0.0,0
MYL1,1.0,0.0,0
IL20RA,1.0,0.0,0
PNLDC1,1.0,0.0,0
GPR17,1.0,0.0,0
HOXA7,1.0,0.0,0
IGKV1D-39,1.0,0.0,0
EPDR1,1.0,0.0,0
IL5,1.0,0.0,0
IGKV1D-8,1.0,0.0,0
IGKV3D-20,1.0,0.0,0
CCL26,1.0,0.0,0
CCL24,1.0,0.0,0
IGKV2D-28,1.0,0.0,0
MUC4,1.0,0.0,0
MUC6,1.0,0.0,0
MUCL1,1.0,0.0,0
TFF1,1.0,0.0,0
PLA2G1B,1.0,0.0,0
TFF2,1.0,0.0,0
PGLYRP1,1.0,0.0,0
OLFM4,1.0,0.0,0
SCEL,1.0,0.0,0
TRAV5,1.0,0.0,0
PCP4,1.0,0.0,0
NKX2-8,1.0,0.0,0
SLC25A21,1.0,0.0,0
KLK10,1.0,0.0,0
DLGAP5,1.0,0.0,0
SYT16,1.0,0.0,0
STON2,1.0,0.0,0
CHGA,1.0,0.0,0
GGT5,1.0,0.0,0
CCL15,1.0,0.0,0
KLK11,1.0,0.0,0
CCL13,1.0,0.0,0
CCL8,1.0,0.0,0
IGLC6,1.0,0.0,0
IGLV3-9,1.0,0.0,0
IGLV2-11,1.0,0.0,0
IGHV6-1,1.0,0.0,0
CFAP73,1.0,0.0,0
CKM,1.0,0.0,0
IGKV2-24,1.0,0.0,0
AC233755.2,1.0,0.0,0
CEACAM5,1.0,0.0,0
CLEC1B,1.0,0.0,0
IGLV2-18,1.0,0.0,0
PRH2,1.0,0.0,0
MPO,1.0,0.0,0
IGKV1D-16,1.0,0.0,0
IGKV2-29,1.0,0.0,0
SSPN,1.0,0.0,0
PAEP,1.0,0.0,0
EPX,1.0,0.0,0
ITGB3,1.0,0.0,0
TRAV19,1.0,0.0,0
PGA5,1.0,0.0,0
VPREB1,1.0,0.0,0
GYPA,1.0,0.0,0
IGLV7-43,1.0,0.0,0
IGKV2-26,1.0,0.0,0
KRT78,1.0,0.0,0
APOC2,1.0,0.0,0
REG3A,1.0,0.0,0
IGKV6D-21,1.0,0.0,0
TSPAN8,1.0,0.0,0
TSPAN19,1.0,0.0,0
IGHV4-4,1.0,0.0,0
IGHV2-5,1.0,0.0,0
IGHV3-11,1.0,0.0,0
IGLV2-14,1.0,0.0,0
TEKT1,1.0,0.0,0
IGLV1-44,1.0,0.0,0
IGLV5-45,1.0,0.0,0
ALOX15,1.0,0.0,0
IGLV1-47,1.0,0.0,0
RBPMS2,1.0,0.0,0
SPNS2,1.0,0.0,0
NOV,1.0,0.0,0
IGLV1-51,1.0,0.0,0
HBM,1.0,0.0,0
CCDC78,1.0,0.0,0
IGLV10-54,1.0,0.0,0
IGLV6-57,1.0,0.0,0
HAS1,1.0,0.0,0
TNNT1,1.0,0.0,0
FAM92B,1.0,0.0,0
IGLV8-61,1.0,0.0,0
ZG16,1.0,0.0,0
AHSP,1.0,0.0,0
NECAB2,1.0,0.0,0
DYNLRB2,1.0,0.0,0
IGLV4-69,1.0,0.0,0
CCL22,1.0,0.0,0
AURKB,1.0,0.0,0
IGLV1-40,1.0,0.0,0
IGHV3-74,1.0,0.0,0
IGHV3-33,1.0,0.0,0
IGHV3-13,1.0,0.0,0
IGHV1-18,1.0,0.0,0
IGHV3-20,1.0,0.0,0
IGHV3-21,1.0,0.0,0
IGLV3-19,1.0,0.0,0
IGHV3-23,1.0,0.0,0
IGHV1-24,1.0,0.0,0
IGHV3-30,1.0,0.0,0
ALDH3A1,1.0,0.0,0
IGHV4-31,1.0,0.0,0
IGLV3-21,1.0,0.0,0
IGHV3-73,1.0,0.0,0
IGHV4-34,1.0,0.0,0
IGHV3-43,1.0,0.0,0
IGHV1-46,1.0,0.0,0
IGHV3-48,1.0,0.0,0
IGLV2-23,1.0,0.0,0
IGLV3-25,1.0,0.0,0
IGHV3-49,1.0,0.0,0
IGHV3-53,1.0,0.0,0
IGHV4-59,1.0,0.0,0
IGHV3-72,1.0,0.0,0
CHST9,1.0,0.0,0
CTRB2,1.0,0.0,0
IGKV2D-30,1.0,0.0,0
CCKBR,1.0,0.0,0
MS4A3,1.0,0.0,0
WFDC12,1.0,0.0,0
LGALS7,1.0,0.0,0
MS4A8,1.0,0.0,0
BPI,1.0,0.0,0
ACY3,1.0,0.0,0
LGALS7B,1.0,0.0,0
C11orf97,1.0,0.0,0
ARHGAP42,1.0,0.0,0
MMP10,1.0,0.0,0
MMP1,1.0,0.0,0
MMP13,1.0,0.0,0
KLK3,1.0,0.0,0
TEX12,1.0,0.0,0
PNLIP,1.0,0.0,0
NCCRP1,1.0,0.0,0
CCL3L1,1.0,0.0,0
CST2,1.0,0.0,0
MSMB,1.0,0.0,0
DKK1,1.0,0.0,0
IGLVI-70,1.0,0.0,0
PRG2,1.0,0.0,0
IGF2,1.0,0.0,0
DEFA6,1.0,0.0,0
MUC5AC,1.0,0.0,0
TG,1.0,0.0,0
IGKV1-27,1.0,0.0,0
PSCA,1.0,0.0,0
ANGPTL4,1.0,0.0,0
IGKV1D-12,1.0,0.0,0
IGKJ1,1.0,0.0,0
KLF1,1.0,0.0,0
WDR38,1.0,0.0,0
CFAP157,1.0,0.0,0
ELANE,1.0,0.0,0
CFAP77,1.0,0.0,0
IGHV4-39,1.0,0.0,0
TRBV19,1.0,0.0,0
FCN2,1.0,0.0,0
LCN1,1.0,0.0,0
UMOD,1.0,0.0,0
DEFA5,1.0,0.0,0
SCGB1C1,1.0,0.0,0
SCT,1.0,0.0,0
APOA4,1.0,0.0,0
HAMP,1.0,0.0,0
IFNB1,1.0,0.0,0
MMP12,1.0,0.0,0
CRTAC1,1.0,0.0,0
ANKRD1,1.0,0.0,0
CFAP43,1.0,0.0,0
DNTT,1.0,0.0,0
LIPF,1.0,0.0,0
DMBT1,1.0,0.0,0
IGKV2D-24,1.0,0.0,0
GRP,1.0,0.0,0
FAM25A,1.0,0.0,0
MUC2,1.0,0.0,0
SERPINB13,1.0,0.0,0
CYP17A1,1.0,0.0,0
AVP,1.0,0.0,0
IGKV1-33,1.0,0.0,0
IGHV3-66,1.0,0.0,0
CENPM,0.9893690620290215,-0.008315805,0
IGLC3,0.9808243232049727,-0.017713796,0
ARC,0.974892680272516,-0.039800067,0
HIST1H2BH,0.9669257703136312,-0.039800067,0
MT1M,0.9660200528114427,-0.039800067,0
BNIP3L,0.9580847547168869,-0.014525043,0
CD8A,0.9553680394990542,-0.033452585,0
CCNB2,0.9338119106305529,-0.15533705,0
UBE2C,0.9288890229570164,-0.15533705,0
BPIFB1,0.9288890229570164,-0.15533705,0
MND1,0.9288890229570164,-0.15533705,0
ATAD3A,0.9278641859767062,-0.056274947,0
KRT4,0.9259775277197717,-0.15533705,0
ELF3,0.9259775277197717,-0.15533705,0
CCL23,0.9259775277197717,-0.15533705,0
PLEKHH2,0.9259775277197717,-0.15533705,0
HMMR,0.9259775277197717,-0.15533705,0
SFTA3,0.9259775277197717,-0.15533705,0
GNAI1,0.9259775277197717,-0.15533705,0
FCRL2,0.9259775277197717,-0.15533705,0
ENPP2,0.9259775277197717,-0.15533705,0
ANXA3,0.9259775277197717,-0.15533705,0
MXRA8,0.9259775277197717,-0.15533705,0
SPI1,0.9079121518487596,-0.08548054,0
MYB,0.8952607115907342,-0.15563281,0
MS4A1,0.877291026131335,-0.15622544,0
FCN3,0.8767111319462896,-0.15592894,0
TM4SF1,0.8716530856346454,-0.15592894,0
C15orf48,0.8716530856346454,-0.15592894,0
NOP16,0.8651217964504841,-0.06972221,0
NCF2,0.8573355405001165,-0.15652232,0
CD79A,0.8564419189040581,-0.15652232,0
IL13,0.8533145209596891,-0.34892905,0
GNG11,0.8363190688880132,-0.11753117,0
IGHM,0.8337133352001896,-0.15711719,0
ICAM1,0.8225920224881009,-0.121733986,0
TACSTD2,0.7924255237548168,-0.34892905,0
TSC22D1,0.7855800675640012,-0.13077447,0
PLEKHG1,0.7842493445290988,-0.34892905,0
CTGF,0.7797826754602918,-0.34892905,0
GAS6,0.7797826754602918,-0.34892905,0
IL10,0.7782725739830215,-0.35142258,0
MS4A7,0.7778154952909557,-0.28211138,0
IGHV1-3,0.7706433461008476,-0.5710252,0
TIMP1,0.765600260717517,-0.07112313,0
CHI3L1,0.7611226968252884,-0.5710252,0
DERL3,0.7611226968252884,-0.5710252,0
IGFBP5,0.7611226968252884,-0.5710252,0
C19orf33,0.7611226968252884,-0.5710252,0
LAMP3,0.7611226968252884,-0.5710252,0
C2orf40,0.7611226968252884,-0.5710252,0
CAV2,0.7611226968252884,-0.5710252,0
PTX3,0.7611226968252884,-0.5710252,0
MARCH2,0.7552194211680083,-0.13500856,0
GZMK,0.7549863311024901,-0.18181187,0
HSPA6,0.7366070540269416,-0.19597535,0
SCGB3A1,0.7290813225657231,-0.17665778,0
CSF2,0.7015426792167062,-0.5719725,0
PARVB,0.6916248300788066,-0.18758065,0
MARCO,0.6914023569208471,-0.35017434,0
MT1A,0.685865565283271,-0.42026636,0
TUFT1,0.685865565283271,-0.42026636,0
TRIM58,0.685865565283271,-0.42026636,0
CRIP1,0.6694032633053011,-0.23804949,0
IL1B,0.6692646760104131,-0.2333214,0
MT1G,0.6666632692061656,-0.5719725,0
VSIG4,0.6284248220870273,-0.39294434,0
G0S2,0.6242600090764208,-0.2852059,0
HSP90AB1,0.624221221051399,-0.14926706,0
TNFAIP2,0.6145250739174062,-0.4577413,0
TRDC,0.6113056998634364,-1.0660646,0
TNFRSF4,0.6065951633813911,-0.29329166,0
MUC1,0.6024094783113698,-0.5729208,0
BCL11A,0.599879469657649,-1.1566381,0
C16orf89,0.599879469657649,-1.1566381,0
KRT15,0.599879469657649,-1.1566381,0
GKN2,0.599879469657649,-1.1566381,0
FGG,0.599879469657649,-1.1566381,0
BLK,0.599879469657649,-1.1566381,0
MUC21,0.599879469657649,-1.1566381,0
S100P,0.599879469657649,-1.1566381,0
NCAPG,0.599879469657649,-1.1566381,0
CCL17,0.599879469657649,-1.1566381,0
CDCA3,0.599879469657649,-1.1566381,0
IGKV3-20,0.599879469657649,-1.1566381,0
FAM111B,0.599879469657649,-1.1566381,0
IGHG4,0.599879469657649,-1.1566381,0
SNCA,0.5971358123821039,-0.5729208,0
IL2RB,0.5967842944366345,-0.18833973,0
SAA1,0.5912915919019954,-1.1582367,0
KLRC2,0.5903032044223004,-1.164646,0
CTTN,0.5827113066302717,-0.83565784,0
CXCL3,0.5696283024349148,-0.38212156,0
HSPD1,0.5671062088810441,-0.15549973,0
CCNA2,0.5669797417586973,-0.83565784,0
MARCKS,0.5669797417586973,-0.83565784,0
SPRR3,0.55983034806919,-0.48105922,0
ALDH1A1,0.5584235047362046,-0.83565784,0
BATF3,0.5584235047362046,-0.83565784,0
XCL2,0.5373836446750526,-0.36279014,0
PDLIM1,0.5325373840021903,-0.35392794,0
RASD1,0.5166236300913827,-0.5795885,0
SERPINA1,0.5159309778211032,-0.35518506,0
ITM2C,0.5158254228492563,-0.21810983,0
SLC29A1,0.512871977760236,-0.7434971,0
CD160,0.5127629193066114,-0.6750081,0
MAP3K8,0.5017314351940255,-0.3214368,0
NAMPT,0.49221633535811593,-0.24611782,0
SCGB1A1,0.49183896823832585,-0.37202582,0
TOP2A,0.4859203298510578,-1.1582367,0
ACTA2,0.4780301365588384,-0.41287053,0
TUBG1,0.4712785309161327,-0.7000526,0
FKBP4,0.4693391286905305,-0.2566631,0
FBLN1,0.46203132728093776,-0.57577205,0
RNASE6,0.45882572550153444,-0.57577205,0
AKAP12,0.45741381940028525,-1.1582367,0
EDN1,0.45741381940028525,-1.1582367,0
ACPP,0.4499192622617494,-2.1572878,0
CSF3,0.4499192622617494,-2.1572878,0
SNTN,0.4499192622617494,-2.1572878,0
MALL,0.4499192622617494,-2.1572878,0
IGKV1-39,0.4499192622617494,-2.1572878,0
KLK12,0.4499192622617494,-2.1572878,0
C4BPA,0.4499192622617494,-2.1572878,0
ZMYND10,0.4499192622617494,-2.1572878,0
IGKV4-1,0.4499192622617494,-2.1572878,0
KRT17,0.4499192622617494,-2.1572878,0
SPRR1B,0.4499192622617494,-2.1572878,0
TSPAN1,0.4499192622617494,-2.1572878,0
CD1C,0.4499192622617494,-2.1572878,0
CLEC9A,0.4499192622617494,-2.1572878,0
ARG1,0.4499192622617494,-2.1572878,0
HSD17B6,0.4499192622617494,-2.1572878,0
HIST1H2AM,0.4499192622617494,-2.1572878,0
SORT1,0.4499192622617494,-2.1572878,0
CCDC170,0.4499192622617494,-2.1572878,0
TRBV3-1,0.4499192622617494,-2.1572878,0
INHBA,0.4499192622617494,-2.1572878,0
CXCL14,0.4499192622617494,-2.1572878,0
RRAD,0.4499192622617494,-2.1572878,0
TRBV5-1,0.4499192622617494,-2.1572878,0
MMRN1,0.4499192622617494,-2.1572878,0
KRT6C,0.4499192622617494,-2.1572878,0
MME,0.4499192622617494,-2.1572878,0
RHCE,0.4499192622617494,-2.1572878,0
DEFB1,0.4499192622617494,-2.1572878,0
FCGR3B,0.4499192622617494,-2.1572878,0
AREG,0.44135601591090157,-0.39432552,0
HLA-DMB,0.4405903703831905,-0.39987975,0
SLC34A2,0.4341742010724968,-0.9367933,0
KRT8,0.4341742010724968,-0.9367933,0
PRSS21,0.4341742010724968,-0.9367933,0
MZB1,0.43397359132604596,-0.6750081,0
PTMS,0.4199811109523226,-0.39987975,0
ENG,0.4189093197553613,-0.5767246,0
TSPAN17,0.41312013125428804,-0.43898156,0
FOXJ1,0.41263356063860346,-1.4235221,0
TNFRSF9,0.41081207700237765,-1.6795683,0
HSPA8,0.4037804809623514,-0.50197625,0
CH25H,0.40190903845961934,-0.68089354,0
FTH1,0.3971264804192507,-0.9118044,0
CCL18,0.3942505278156214,-0.39987975,0
RAB31,0.3826955229719847,-0.7825751,0
CCDC50,0.38180833642669965,-0.4943488,0
CYR61,0.36916466735686937,-1.1598368,0
PTTG1,0.3688318207658292,-0.35130307,0
KLRB1,0.3669244669976419,-0.4232193,0
IL1RL1,0.36563937274327085,-1.5739249,0
IDO1,0.36563937274327085,-1.5739249,0
MMP9,0.36563937274327085,-1.5739249,0
ESAM,0.36563937274327085,-1.5739249,0
CCL19,0.36563937274327085,-1.5739249,0
IL3RA,0.36563937274327085,-1.5739249,0
SMPD3,0.36563937274327085,-1.5739249,0
DNAAF1,0.36563937274327085,-1.5739249,0
CD80,0.36563937274327085,-1.5739249,0
CPA3,0.3619451355983465,-1.1598368,0
CLECL1,0.3619229130352669,-1.0248864,0
NUSAP1,0.3559924569697164,-0.63973147,0
FOXO4,0.33366981930564943,-0.72241926,0
MAOB,0.31828521205101873,-21.940248,0
CCDC74A,0.31828521205101873,-21.940248,0
IGHA2,0.31828521205101873,-21.940248,0
IGHG2,0.31828521205101873,-21.940248,0
TRBV24-1,0.31828521205101873,-21.940248,0
DRC3,0.31828521205101873,-21.940248,0
CD1E,0.31828521205101873,-21.940248,0
MS4A2,0.31828521205101873,-21.940248,0
AQP5,0.31828521205101873,-21.940248,0
SAA2,0.31828521205101873,-21.940248,0
IGKV1-17,0.31828521205101873,-21.940248,0
CEMIP,0.31828521205101873,-21.940248,0
MSLN,0.31828521205101873,-21.940248,0
LINC00304,0.31828521205101873,-21.940248,0
EPCAM,0.31828521205101873,-21.940248,0
STAR,0.31828521205101873,-21.940248,0
EDN2,0.31828521205101873,-21.940248,0
IGKV3-15,0.31828521205101873,-21.940248,0
FAM216B,0.31828521205101873,-21.940248,0
AXL,0.31828521205101873,-21.940248,0
WIF1,0.31828521205101873,-21.940248,0
F3,0.31828521205101873,-21.940248,0
KRT5,0.31828521205101873,-21.940248,0
TMEM63C,0.31828521205101873,-21.940248,0
ANKRD29,0.31828521205101873,-21.940248,0
CKAP2L,0.31828521205101873,-21.940248,0
LMTK3,0.31828521205101873,-21.940248,0
GSTA1,0.31828521205101873,-21.940248,0
TREM2,0.31828521205101873,-21.940248,0
SERPINB5,0.31828521205101873,-21.940248,0
SUGCT,0.31828521205101873,-21.940248,0
RGS13,0.31828521205101873,-21.940248,0
CD24,0.30552510062699184,-2.1617892,0
MRC1,0.30552510062699184,-2.1617892,0
MBOAT2,0.29684949143803124,-1.4235221,0
KRT6A,0.29684949143803124,-1.4235221,0
CKB,0.29684949143803124,-1.4235221,0
IGHG1,0.29684949143803124,-1.4235221,0
NMB,0.29280804321108544,-0.55763817,0
AGR2,0.2916585859453597,-1.1614383,0
TAGLN,0.2910153911440041,-0.801074,0
LGALS1,0.2880572905780578,-0.3724893,0
CFD,0.28726147565967425,-0.45623678,0
FXYD3,0.2846074398102777,-2.1595378,0
TFF3,0.2846074398102777,-2.1595378,0
MAL2,0.2846074398102777,-2.1595378,0
DAB2,0.2846074398102777,-2.1595378,0
TNC,0.2846074398102777,-2.1595378,0
PLPP2,0.2846074398102777,-2.1595378,0
CXCL10,0.2846074398102777,-2.1595378,0
CLDN4,0.2846074398102777,-2.1595378,0
MGST1,0.28012808964231134,-1.0248864,0
APOD,0.27687952089406953,-1.3156959,0
PTGS2,0.27564179818317236,-1.2908285,0
LDLR,0.2732741349598851,-0.4704437,0
KPNA2,0.26313613774034855,-0.4017881,0
ID1,0.26011305062004964,-0.58438283,0
PTGDS,0.2541795330544599,-0.7505166,0
S100A14,0.24809303346977377,-1.3547345,0
CRYAB,0.24809303346977377,-1.3547345,0
TRAV13-2,0.24657982730153433,-1.746101,0
AKR1C3,0.23928868055169844,-1.746101,0
WFDC2,0.23928868055169844,-1.746101,0
NAPSA,0.23761552467463992,-1.1630414,0
MYL9,0.23579370536388716,-1.0485171,0
GPR183,0.21929602496992026,-0.3406602,0
RHOC,0.21552302231896822,-0.37413284,0
IGFBP2,0.21521827083879796,-3.1601877,0
GPBAR1,0.21521827083879796,-3.1601877,0
EMCN,0.21521827083879796,-3.1601877,0
CHIT1,0.21521827083879796,-3.1601877,0
KRT16,0.21521827083879796,-3.1601877,0
PLD1,0.21521827083879796,-3.1601877,0
AQP4,0.21521827083879796,-3.1601877,0
HLA-DQA1,0.21309718163525962,-0.5545076,0
S100A2,0.19933904420868562,-1.577778,0
CXCL2,0.19778634372620504,-0.8773529,0
CD9,0.19720646294731226,-0.5354937,0
CCL2,0.1966160522403345,-1.0660646,0
TNFRSF12A,0.1966160522403345,-1.0660646,0
FECH,0.19500956720245785,-1.164646,0
CENPF,0.18941200075311218,-0.8739721,0
CCL4L2,0.18928940911881315,-0.8347427,0
CENPU,0.1893929276134087,-2.1617892,0
KRT19,0.1893929276134087,-2.1617892,0
IL6,0.1893929276134087,-2.1617892,0
FBN1,0.1893929276134087,-2.1617892,0
PIGR,0.1893929276134087,-2.1617892,0
C1QB,0.18247958521697888,-0.5882374,0
KRT13,0.17473850337770383,-1.3429964,0
EGFL7,0.16928198017961588,-1.5816379,0
MSR1,0.1615599843286674,-1.8414633,0
IGHG3,0.1615599843286674,-1.8414633,0
RETN,0.1615599843286674,-1.8414633,0
IL4I1,0.15882011953298855,-1.0677001,0
CYP4B1,0.15771646366910805,-22.94315,0
KRT14,0.15771646366910805,-22.94315,0
NDC80,0.15282931672410283,-1.0161614,0
IGLC2,0.15241516685548767,-0.9863094,0
C11orf96,0.1470315326400615,-2.7474022,0
SFTPD,0.1470315326400615,-2.7474022,0
SLC22A31,0.1470315326400615,-2.7474022,0
SLPI,0.14060896318239874,-1.0847406,0
C1QC,0.13615710618664756,-0.929073,0
CXCL17,0.12912293459249194,-2.1640422,0
ENTPD1,0.11850243654317012,-1.240459,0
COL1A2,0.11571037643117923,-1.2616212,0
APOC1,0.11433650406444557,-0.6582104,0
IGFBP7,0.11406010115023196,-0.6839641,0
EPOR,0.1106281175226552,-1.1694691,0
HOPX,0.10935853522794096,-0.48172396,0
SFTPA1,0.10752898135791299,-0.6338143,0
FABP3,0.10258374647067058,-23.948954,0
LUM,0.09648342191410068,-1.5161304,0
CLIC5,0.0962631065541965,-1.3618088,0
TUBB4B,0.09435076757464017,-0.4480285,0
ERRFI1,0.09083881906084904,-1.5346472,0
EREG,0.09043157137363235,-2.432239,0
KLRC1,0.08893905083893157,-2.103107,0
CXCL8,0.08490878406259632,-1.1208208,0
DPYSL3,0.08326199968485985,-23.531013,0
HLA-DPB1,0.07864169884709216,-0.4928329,0
FN1,0.07777892563535105,-1.0766963,0
TPSB2,0.0752671447386828,-1.4454571,0
SPARCL1,0.06804337349388254,-1.4344597,0
SFTPC,0.06727966424754259,-0.5841557,0
IFNG,0.06691891103153463,-1.0731539,0
SPON2,0.06662416570808169,-0.8613938,0
ADIRF,0.06275935381326903,-1.3115008,0
DUSP6,0.06164282762896073,-1.0756949,0
PRF1,0.059737260245986086,-0.85889447,0
SFTPB,0.05378353438910911,-0.80143774,0
IGLL5,0.05161515374005352,-1.5932586,0
ZEB2,0.04837095613652633,-0.8480967,0
HLA-DRA,0.04486091952779912,-0.5884044,0
CEBPB,0.0438000902253315,-0.45212495,0
GZMH,0.04380526256221846,-1.3402975,0
THBS1,0.0437749812095538,-2.1708124,0
SFTPA2,0.04342656012406252,-0.8272614,0
CSF1,0.04029179295635411,-1.2927046,0
ZFAND2A,0.038390827889793165,-0.72399575,0
TUBA1C,0.03776099697148469,-0.7120613,0
CCL21,0.03379035002719887,-1.6895657,0
TGFBI,0.030915180391594604,-1.5971459,0
ADAM19,0.02997468244327555,-0.8770902,0
NNMT,0.02956014069707102,-1.7971326,0
TIMP3,0.02805589120301531,-2.6575413,0
CKS2,0.02759169074465752,-0.8394558,0
TPSAB1,0.023950629962651633,-1.729799,0
CD74,0.022882656024101413,-0.98781765,0
GZMB,0.022422625387225142,-1.2526112,0
FABP4,0.020421123206443712,-1.2244531,0
CCL4,0.01910984331919784,-3.1960256,0
SFTA2,0.01768774260880433,-2.3459113,0
HLA-DRB5,0.016305741880030377,-0.8154357,0
HLA-DPA1,0.014544718328779922,-0.6876773,0
JCHAIN,0.014568515341054114,-1.3557657,0
LMNA,0.014386066405251398,-1.0128374,0
IGHA1,0.014321415655780479,-1.3115143,0
CTSL,0.012643509158302998,-1.4059609,0
MGP,0.012433860865332332,-1.1550021,0
APOE,0.01165729980609917,-1.2625821,0
RGS2,0.011584299348150577,-0.8897374,0
XCL1,0.009308724706355414,-1.6874782,0
IGKC,0.004325392999270073,-0.99691147,0
DCN,0.004113029640217735,-1.752228,0
HSPE1,0.0029171837957657275,-0.9274856,0
MTRNR2L12,0.002197633117719576,-0.8604297,0
HLA-DQB1,0.002075687122137696,-0.9282271,0
C12orf75,0.0018814400138747011,-0.95635587,0
HLA-DRB1,0.0010065056801091437,-0.9831696,0
GZMA,0.0008928312886850708,-1.0600486,0
HMGB2,0.0008775330639188643,-1.0086172,0
CCL5,0.0006285562028573909,-1.6829017,0
CLU,0.0002325410139157186,-1.102335,0
CEBPD,0.0001756338415479145,-1.826494,0
DUSP2,7.493874122819081e-05,-1.4603255,0
KLF6,6.976568777354304e-05,-1.49193,0
LGALS3,6.113628949702072e-05,-1.2193204,0
CST7,2.3213005692058213e-05,-1.1735585,0
C1QA,2.239920329750788e-05,-1.9890673,0
HSPA1B,4.060583407246886e-06,-2.2959836,0
HERPUD1,2.277902953780278e-06,-1.2218431,0
BATF,1.8926792175343704e-06,-1.5069237,0
DUSP1,1.8709215092807744e-06,-2.669037,0
NFKBIA,1.5615527953437825e-06,-2.5740764,0
ALOX5AP,9.76010279666919e-07,-1.2432802,0
HSP90AA1,3.159622032400469e-08,-4.544707,0
ID2,9.902613716068986e-09,-2.3953826,0
ZFP36,1.9689649615898882e-12,-4.32717,0
RGS1,1.1600343934533137e-12,-7.230083,0
SRGN,1.222149970331999e-20,-5.991694,0
CXCR4,7.654110761035544e-62,-18.19922,0
CXCR4,1.0790143177810423e-15,18.084976,1
SRGN,1.1734234511347338e-06,6.42307,1
RGS1,0.00015528743974244677,10.001764,1
ZFP36,0.0002454245817842574,4.3169513,1
KLF6,0.0016935345960347942,2.2603326,1
HSP90AA1,0.0017115140515664665,4.695591,1
BATF,0.0020661464457034807,1.7393131,1
HERPUD1,0.003701723288707703,1.4031909,1
C1QA,0.00505721092897455,2.3586447,1
ID2,0.008833492346805104,1.7790565,1
ALOX5AP,0.009617860079345059,1.1081468,1
NFKBIA,0.01389589104640185,2.7192545,1
DUSP1,0.017979750760365062,3.0196552,1
CLU,0.020297348458744167,1.2349343,1
HLA-DQB1,0.028688691729766354,1.088193,1
SFTPA2,0.03189715398694867,1.6190213,1
DUSP2,0.03569629560352133,1.25473,1
SFTA2,0.04815630260851599,3.052606,1
HSPA1B,0.048872875170139954,1.7182407,1
IGHA1,0.0682906979322905,1.6674733,1
HSPE1,0.06847815016691093,0.95315397,1
HMGB2,0.0687886733477215,1.0412474,1
GZMA,0.0695031855271549,1.0121925,1
TIMP3,0.07179731550522668,3.3069913,1
CXCL8,0.07421400234148812,2.0886877,1
TUBB4B,0.08050430263119646,0.812699,1
GPR183,0.09497015482653008,1.068533,1
FABP4,0.0973397657109708,1.4219675,1
C12orf75,0.09987301390588765,0.8636895,1
LMNA,0.10058751368327602,1.3149337,1
AREG,0.11778127067198958,1.6314144,1
HLA-DRA,0.12618006210817304,0.93293244,1
PRF1,0.12652266191460676,0.8762384,1
S100A2,0.1280494053545987,3.0742981,1
SLPI,0.1343722444472468,1.8072239,1
IFNG,0.1363996855922628,1.41104,1
HLA-DRB1,0.14217125693475738,0.7726715,1
IGKC,0.14233161510523049,0.73940986,1
PTGS2,0.14454853902319745,3.052606,1
SFTPB,0.14960703448250345,1.2253311,1
FN1,0.15072752044428725,1.6490147,1
TPSAB1,0.15117672506341465,1.8397222,1
EGFL7,0.16189756509186337,2.8458815,1
APOE,0.17062816132537745,1.1886346,1
SCGB3A1,0.17512548645630827,1.5172888,1
TPSB2,0.17897499810696763,1.8117248,1
MAL2,0.1818418449449805,4.288652,1
ZEB2,0.18208426628764157,0.9936582,1
RHOC,0.18393170049577784,0.6305196,1
FABP3,0.1893615716864215,5.8850055,1
ID1,0.18917334007645498,1.1330616,1
IGFBP7,0.19075999637900287,1.0645711,1
CXCL2,0.19228072956963962,1.5414637,1
AKAP12,0.20720082024907466,3.2875345,1
MYL9,0.21175142268383468,1.876617,1
LGALS3,0.22374143027109605,0.50758076,1
HLA-DPA1,0.22689748746278668,0.57283324,1
IGHG1,0.235019284746489,2.701454,1
CXCL17,0.235019284746489,2.701454,1
KRT6A,0.235019284746489,2.701454,1
HSPA6,0.248620050098206,1.2373253,1
CCL4,0.24911538317894108,1.3779875,1
RETN,0.24987275856022803,2.4785023,1
GAS6,0.24987275856022803,2.4785023,1
CSF1,0.25135595376051545,1.2485917,1
XCL1,0.2528739159789047,0.9896772,1
RGS2,0.2533966344999541,0.64471817,1
SPON2,0.2552491789550808,0.98298746,1
ADAM19,0.2565592402079432,0.69283235,1
COL1A2,0.25867596458140246,1.5524486,1
MTRNR2L12,0.2600991148369049,0.50128764,1
TNFRSF9,0.2634062747307282,3.8330107,1
IL4I1,0.26411505832685306,1.7693434,1
KRT8,0.2653645959988165,2.2852979,1
TUBA1C,0.2692575805436409,0.733138,1
SPARCL1,0.27115331140553467,1.4814991,1
CCL21,0.27115331140553467,1.4814991,1
NCOA7,0.2792243769246198,0.58455795,1
CD74,0.296322206230369,1.1388862,1
GZMH,0.29655557606943517,0.8764678,1
ABCA3,0.2982806270681377,1.9622511,1
SNCA,0.2982806270681377,1.9622511,1
ENTPD1,0.3002967415236634,1.4884356,1
CLECL1,0.3013766492185732,2.1778567,1
SCGB1A1,0.30252677305880993,1.284179,1
GZMB,0.30276307024564436,1.1489033,1
CEBPD,0.30295198859141736,0.9258028,1
FKBP4,0.3080874446775845,0.6612578,1
MGP,0.31986411373275875,0.69441444,1
SERPINB5,0.3209628088321793,23.842043,1
TREM2,0.3209628088321793,23.842043,1
EPCAM,0.3209628088321793,23.842043,1
MAOB,0.3209628088321793,23.842043,1
TRBV24-1,0.3209628088321793,23.842043,1
STAR,0.3209628088321793,23.842043,1
SAA2,0.3209628088321793,23.842043,1
IGHG2,0.3209628088321793,23.842043,1
MSLN,0.3209628088321793,23.842043,1
AQP5,0.3209628088321793,23.842043,1
F3,0.3209628088321793,23.842043,1
C1QB,0.3284753525065871,0.7496546,1
HLA-DPB1,0.3339168481456303,0.39166707,1
IGLC2,0.3408888470935565,1.2935469,1
NDC80,0.3429643767140368,1.1705745,1
HSD17B7,0.3448488421271584,0.8055208,1
MS4A1,0.34675469993854646,1.7885941,1
ACPP,0.34716175693333196,4.2784033,1
HIST1H2AM,0.34716175693333196,4.2784033,1
ZMYND10,0.34716175693333196,4.2784033,1
C4BPA,0.34716175693333196,4.2784033,1
MMRN1,0.34716175693333196,4.2784033,1
MALL,0.34716175693333196,4.2784033,1
CLEC9A,0.34716175693333196,4.2784033,1
CXCL14,0.34716175693333196,4.2784033,1
TSPAN1,0.34716175693333196,4.2784033,1
MME,0.34716175693333196,4.2784033,1
KRT14,0.34716175693333196,4.2784033,1
IGKV1-39,0.34716175693333196,4.2784033,1
FCGR3B,0.34716175693333196,4.2784033,1
CD1C,0.34716175693333196,4.2784033,1
CCDC170,0.34716175693333196,4.2784033,1
TYMP,0.3499097157058316,0.44373095,1
NAPSA,0.35250571620364857,1.5820607,1
FCN3,0.3543756294717779,1.5820607,1
HLA-DRB5,0.3590577849432265,0.6709654,1
IGLL5,0.35929421747402124,1.1155661,1
CLIC3,0.36267569504790254,0.97239494,1
KLF4,0.3646658357637612,0.97239494,1
BLK,0.37464090405983397,3.2778454,1
BCL11A,0.37464090405983397,3.2778454,1
PLD1,0.37464090405983397,3.2778454,1
S100P,0.37464090405983397,3.2778454,1
MUC21,0.37464090405983397,3.2778454,1
C16orf89,0.37464090405983397,3.2778454,1
GPBAR1,0.37464090405983397,3.2778454,1
KRT16,0.37464090405983397,3.2778454,1
FGG,0.37464090405983397,3.2778454,1
KRT13,0.3784378741770482,1.1625804,1
PARVB,0.3828103320071936,0.72854394,1
MATK,0.3831852843538378,0.5742712,1
ERRFI1,0.38423992601053014,1.5524486,1
KLRB1,0.4027989636576118,1.0196515,1
C19orf33,0.4033800917604108,2.6923242,1
PLPP2,0.4033800917604108,2.6923242,1
CLDN4,0.4033800917604108,2.6923242,1
FXYD3,0.4033800917604108,2.6923242,1
C2orf40,0.4033800917604108,2.6923242,1
CHI3L1,0.4033800917604108,2.6923242,1
CAV2,0.4033800917604108,2.6923242,1
CXCL10,0.4033800917604108,2.6923242,1
CD68,0.40708698227902074,0.9618806,1
CD79A,0.4087733267569926,1.4138246,1
PTMS,0.40991165970758403,0.6793235,1
TSC22D1,0.41140920418651694,0.6793235,1
FECH,0.41248565022396366,1.2808211,1
KLRC1,0.4170976869986974,0.9618806,1
CD80,0.4333511837069346,2.276728,1
C11orf96,0.4333511837069346,2.276728,1
FCRL2,0.4333511837069346,2.276728,1
SFTA3,0.4333511837069346,2.276728,1
SLC22A31,0.4333511837069346,2.276728,1
HMMR,0.4333511837069346,2.276728,1
IDO1,0.4333511837069346,2.276728,1
SFTPD,0.4333511837069346,2.276728,1
DNAAF1,0.4333511837069346,2.276728,1
MZB1,0.43372471122433687,1.1927984,1
UBE2C,0.43453918222230303,2.276728,1
BPIFB1,0.43453918222230303,2.276728,1
RGS18,0.4349170703251698,1.1927984,1
GEM,0.440773904079203,1.1927984,1
TGFBI,0.44227846945426075,0.86764926,1
DCN,0.4513483193040566,0.6995982,1
DUSP6,0.45611623344822017,1.0043098,1
CKS2,0.46163403374731027,0.47166717,1
SFTPC,0.4620020478578164,0.31767008,1
TCF4,0.4645180253775383,1.9542408,1
KRT19,0.4645180253775383,1.9542408,1
CD24,0.4656707755654813,1.9542408,1
TOP2A,0.4679551636326358,1.9542408,1
PSAP,0.47473263825134715,0.2662431,1
TPM1,0.47523736379824244,0.7037333,1
C1QC,0.478289065696751,0.7790642,1
ATAD3A,0.4786736600557773,0.7790642,1
WARS,0.4820685603510083,0.63957995,1
CTSH,0.48282387495109635,0.38816792,1
APOC1,0.48418648148048915,0.4965627,1
ACTA2,0.4844803020312556,0.8273774,1
SLC39A3,0.4927904983937639,0.5405914,1
APOD,0.49543925319975546,1.6980976,1
CD9,0.496485738299305,0.5126248,1
WFDC2,0.4968364956151107,1.6906474,1
CCNA2,0.4979463076094005,1.6906474,1
CENPM,0.49857982116015254,0.7366828,1
CTTN,0.5001449428223363,1.6906474,1
CCL2,0.5026724688053372,0.9566528,1
SOD2,0.5050421488122515,0.3362471,1
KRT1,0.5080997915162322,0.9566528,1
CPOX,0.5166166091211712,0.69547945,1
RFESD,0.5245747552267876,0.88570327,1
CYBB,0.5245747552267876,0.88570327,1
TTC38,0.5256494922821493,0.88570327,1
MT1G,0.5302546516451776,1.4676957,1
MBOAT2,0.5302546516451776,1.4676957,1
MARCH1,0.5302546516451776,1.4676957,1
HSPA8,0.5396325223535698,0.80765015,1
CH25H,0.5475714382519574,1.1879438,1
MINPP1,0.5497113889047409,0.8180288,1
CCL5,0.550645387768185,0.36064926,1
IGHM,0.5548128701756925,0.86764926,1
SLC38A5,0.5553356521340644,0.6163541,1
CTGF,0.5647129675111595,1.2744914,1
CPA3,0.5647129675111595,1.2744914,1
IGHG3,0.5647129675111595,1.2744914,1
CD8A,0.5651322588848258,0.79795206,1
CYR61,0.5657144953031517,1.2744914,1
HSBP1,0.5657839695069713,0.3001556,1
HSPD1,0.568468246828804,0.27494967,1
TAGLN,0.5737883279085128,0.7533381,1
G0S2,0.5762545376581446,0.5783179,1
CTSL,0.5871543889379054,0.47270578,1
CENPF,0.5998167931296339,0.7366828,1
MYB,0.600144664235868,1.1040071,1
DCAF12,0.6173798821075818,0.5050448,1
LPCAT3,0.6216547951308775,0.420954,1
KRT18,0.6239684138758189,0.6319229,1
APOBEC3A,0.6364761283852955,0.95144457,1
CD93,0.6364761283852955,0.95144457,1
MEF2C,0.6364761283852955,0.95144457,1
SLC29A1,0.6364761283852955,0.95144457,1
CRYAB,0.6373414849428938,0.95144457,1
S100A14,0.6373414849428938,0.95144457,1
PTTG1,0.6415737910530663,0.3958918,1
MAP3K8,0.648153386737123,0.41347328,1
GNG11,0.6617107295962102,0.4352085,1
AGR2,0.673627414133452,0.81338155,1
CCL20,0.6740989586912522,0.39750874,1
MUC1,0.6744152907703999,0.81338155,1
IFI30,0.684143483802615,0.40147975,1
CCL18,0.6973504082580175,0.32248634,1
TUFT1,0.7115128224427739,0.6872911,1
JCHAIN,0.719933169030883,0.29883948,1
CXCL3,0.7303425090487392,0.4155553,1
ADIRF,0.7323350414799823,0.4155553,1
VDAC3,0.7409747992963498,0.17000328,1
THBS1,0.7500415496185495,0.57125425,1
BLVRB,0.7552713275902723,0.25262487,1
NMB,0.756669587928528,0.25262487,1
FGL2,0.7581071259655022,0.3660848,1
KPNA2,0.7625611184943073,0.16885318,1
UNG,0.7760283386967637,0.23003508,1
PTGDS,0.7858165374084186,0.31821817,1
TPPP3,0.7891183962991364,0.46377933,1
TCF7L2,0.7896431549760855,0.46377933,1
ZFAND2A,0.8121815262754908,0.114830434,1
MKI67,0.8132620354265044,0.46377933,1
CST7,0.8140449547165083,0.10684732,1
MED24,0.8170438769768417,0.21368234,1
MGST1,0.8286445269333169,0.36368385,1
CCDC144A,0.8286445269333169,0.36368385,1
AGER,0.8290736265896803,0.36368385,1
HIST1H2BH,0.8294995562569242,0.36368385,1
FTH1,0.8323276236171779,0.44037995,1
ARC,0.8331963937409804,0.36368385,1
ITGB1,0.8537048719441873,0.07665902,1
MARCH2,0.8958947618543163,0.10112183,1
MARCO,0.9086359405932685,0.18199182,1
LUM,0.9086359405932685,0.18199182,1
RAB31,0.9088663470095715,0.18199182,1
SERPINF1,0.9090950370158442,0.18199182,1
CFD,0.9162925935581148,0.08065829,1
ALDH2,0.9275023661487449,0.099683635,1
TYROBP,0.9359823613158493,0.046472948,1
CTSW,0.9362949007696167,0.03536959,1
HSP90AB1,0.9402812330758226,0.040370844,1
CEBPB,0.9406146017951016,0.025612496,1
GZMK,0.9428140763895673,0.06455691,1
CLEC7A,0.9488926948342669,0.09896965,1
CD160,0.9495281171340741,0.09896965,1
CCL4L2,0.949606141744833,0.060465433,1
HES1,0.9509621712530285,0.09896965,1
LGALS1,0.9739014043196286,0.018034155,1
RASD1,0.9850949189192818,0.020558288,1
PRH2,1.0,0.0,1
CFAP43,1.0,0.0,1
DMBT1,1.0,0.0,1
UPK1B,1.0,0.0,1
TRAV5,1.0,0.0,1
GPR17,1.0,0.0,1
SCEL,1.0,0.0,1
OLFM4,1.0,0.0,1
ITGB5,1.0,0.0,1
PLA2G1B,1.0,0.0,1
CFAP73,1.0,0.0,1
TSPAN19,1.0,0.0,1
MUC13,1.0,0.0,1
CLEC1B,1.0,0.0,1
TSPAN8,1.0,0.0,1
MYL1,1.0,0.0,1
MUCL1,1.0,0.0,1
KRT78,1.0,0.0,1
DNTT,1.0,0.0,1
DNAH12,1.0,0.0,1
CYP17A1,1.0,0.0,1
CRTAC1,1.0,0.0,1
LTF,1.0,0.0,1
SSPN,1.0,0.0,1
ANKRD1,1.0,0.0,1
MUC6,1.0,0.0,1
TRH,1.0,0.0,1
AZGP1,1.0,0.0,1
TSLP,1.0,0.0,1
LINC01510,1.0,0.0,1
CPA4,1.0,0.0,1
TRBV4-2,1.0,0.0,1
TRBV7-3,1.0,0.0,1
TRBV9,1.0,0.0,1
TRBV27,1.0,0.0,1
TRBV30,1.0,0.0,1
CRHBP,1.0,0.0,1
AOC1,1.0,0.0,1
CCNO,1.0,0.0,1
ESM1,1.0,0.0,1
NDP,1.0,0.0,1
GATA1,1.0,0.0,1
XAGE2,1.0,0.0,1
PLP1,1.0,0.0,1
FGA,1.0,0.0,1
DEFA3,1.0,0.0,1
GYPE,1.0,0.0,1
PBK,1.0,0.0,1
ZMAT4,1.0,0.0,1
IL5,1.0,0.0,1
PPP1R9A,1.0,0.0,1
LIPF,1.0,0.0,1
SPINK1,1.0,0.0,1
HIST1H3B,1.0,0.0,1
GMPR,1.0,0.0,1
PGC,1.0,0.0,1
RSPH9,1.0,0.0,1
CRISP2,1.0,0.0,1
CRISP3,1.0,0.0,1
GSTA2,1.0,0.0,1
C6orf58,1.0,0.0,1
IL20RA,1.0,0.0,1
PNLDC1,1.0,0.0,1
CPLX2,1.0,0.0,1
RANBP17,1.0,0.0,1
FOXI1,1.0,0.0,1
NPY,1.0,0.0,1
HOXA7,1.0,0.0,1
EPDR1,1.0,0.0,1
FABP6,1.0,0.0,1
CCL26,1.0,0.0,1
CCL24,1.0,0.0,1
HAND1,1.0,0.0,1
SPINK5,1.0,0.0,1
EFCAB1,1.0,0.0,1
CRH,1.0,0.0,1
CA1,1.0,0.0,1
ADH7,1.0,0.0,1
TM4SF19,1.0,0.0,1
MS4A8,1.0,0.0,1
ACY3,1.0,0.0,1
ZDHHC19,1.0,0.0,1
MUC4,1.0,0.0,1
C11orf97,1.0,0.0,1
ARHGAP42,1.0,0.0,1
MMP10,1.0,0.0,1
MMP1,1.0,0.0,1
MMP12,1.0,0.0,1
MMP13,1.0,0.0,1
TEX12,1.0,0.0,1
ATP13A4-AS1,1.0,0.0,1
SPTSSB,1.0,0.0,1
CP,1.0,0.0,1
CPB1,1.0,0.0,1
MSMB,1.0,0.0,1
DKK1,1.0,0.0,1
RBP2,1.0,0.0,1
CLDN18,1.0,0.0,1
FAM25A,1.0,0.0,1
MS4A3,1.0,0.0,1
CYTL1,1.0,0.0,1
PRG2,1.0,0.0,1
CXCL6,1.0,0.0,1
CALB1,1.0,0.0,1
ADH1C,1.0,0.0,1
NOV,1.0,0.0,1
TG,1.0,0.0,1
PSCA,1.0,0.0,1
IBSP,1.0,0.0,1
CXCL9,1.0,0.0,1
WDR38,1.0,0.0,1
CFAP157,1.0,0.0,1
ALB,1.0,0.0,1
CCKBR,1.0,0.0,1
CFAP77,1.0,0.0,1
FCN2,1.0,0.0,1
LCN1,1.0,0.0,1
FDCSP,1.0,0.0,1
NKX2-8,1.0,0.0,1
SCT,1.0,0.0,1
APOA4,1.0,0.0,1
MUC5AC,1.0,0.0,1
IGF2,1.0,0.0,1
SCGB1C1,1.0,0.0,1
SLC25A21,1.0,0.0,1
UBD,1.0,0.0,1
IGLV1-40,1.0,0.0,1
ALDH3A1,1.0,0.0,1
GGT5,1.0,0.0,1
CCL8,1.0,0.0,1
CCL13,1.0,0.0,1
CCL15,1.0,0.0,1
IL20,1.0,0.0,1
CTSE,1.0,0.0,1
CFHR1,1.0,0.0,1
IGLC6,1.0,0.0,1
LAMC2,1.0,0.0,1
ITGB3,1.0,0.0,1
FMO2,1.0,0.0,1
IGLV3-9,1.0,0.0,1
IGLV2-11,1.0,0.0,1
EPX,1.0,0.0,1
MPO,1.0,0.0,1
IGLV2-14,1.0,0.0,1
IGLV3-19,1.0,0.0,1
IGLV3-21,1.0,0.0,1
IGLV2-23,1.0,0.0,1
APOA2,1.0,0.0,1
AURKB,1.0,0.0,1
TEKT1,1.0,0.0,1
LAMB3,1.0,0.0,1
TFF1,1.0,0.0,1
CNRIP1,1.0,0.0,1
IGKV2-26,1.0,0.0,1
ZG16,1.0,0.0,1
AHSP,1.0,0.0,1
CAPN14,1.0,0.0,1
REG3A,1.0,0.0,1
MYCN,1.0,0.0,1
IGKV6D-21,1.0,0.0,1
AC233755.2,1.0,0.0,1
CCL22,1.0,0.0,1
ALOX15,1.0,0.0,1
CHRM3,1.0,0.0,1
TFF2,1.0,0.0,1
ACTA1,1.0,0.0,1
CLCNKB,1.0,0.0,1
CTRB2,1.0,0.0,1
DYNLRB2,1.0,0.0,1
NECAB2,1.0,0.0,1
FAM92B,1.0,0.0,1
SPNS2,1.0,0.0,1
IGLV3-25,1.0,0.0,1
IGLV1-44,1.0,0.0,1
CD207,1.0,0.0,1
IGLV5-45,1.0,0.0,1
SPRR2G,1.0,0.0,1
BSND,1.0,0.0,1
HAS1,1.0,0.0,1
SPRR1A,1.0,0.0,1
ANGPTL4,1.0,0.0,1
ERICH3,1.0,0.0,1
DNASE2B,1.0,0.0,1
KLF1,1.0,0.0,1
SELENBP1,1.0,0.0,1
KLK11,1.0,0.0,1
HSD3B2,1.0,0.0,1
KLK10,1.0,0.0,1
HAMP,1.0,0.0,1
LGALS7,1.0,0.0,1
CLCA4,1.0,0.0,1
LGALS7B,1.0,0.0,1
NCCRP1,1.0,0.0,1
PGLYRP1,1.0,0.0,1
CKM,1.0,0.0,1
APOC2,1.0,0.0,1
CEACAM5,1.0,0.0,1
ELANE,1.0,0.0,1
LDLRAD1,1.0,0.0,1
S100A1,1.0,0.0,1
IGLV4-69,1.0,0.0,1
CHST9,1.0,0.0,1
IGLV1-47,1.0,0.0,1
IGLV1-51,1.0,0.0,1
IGLV10-54,1.0,0.0,1
ATP1A2,1.0,0.0,1
IGLV6-57,1.0,0.0,1
GRP,1.0,0.0,1
SERPINB13,1.0,0.0,1
IGLV8-61,1.0,0.0,1
FAM183A,1.0,0.0,1
WFDC12,1.0,0.0,1
AVP,1.0,0.0,1
CD1B,1.0,0.0,1
PGBD1,1.0,0.0,1
CST2,1.0,0.0,1
CD1A,1.0,0.0,1
CD5L,1.0,0.0,1
BPI,1.0,0.0,1
TNNT1,1.0,0.0,1
BCAN,1.0,0.0,1
GKN1,1.0,0.0,1
PCP4,1.0,0.0,1
IGHV3-11,1.0,0.0,1
KLK3,1.0,0.0,1
PRDM16,1.0,0.0,1
IGHV3-43,1.0,0.0,1
CCL3L1,1.0,0.0,1
IGKV2D-30,1.0,0.0,1
IGKV1-16,1.0,0.0,1
IGHV1-46,1.0,0.0,1
PNLIP,1.0,0.0,1
IGKV2-30,1.0,0.0,1
IGHV4-59,1.0,0.0,1
IGKV2-24,1.0,0.0,1
DEFA5,1.0,0.0,1
IGHV3-48,1.0,0.0,1
IGHV3-49,1.0,0.0,1
IGHV3-53,1.0,0.0,1
IGKV1D-39,1.0,0.0,1
MUC2,1.0,0.0,1
IGLVI-70,1.0,0.0,1
IFNB1,1.0,0.0,1
IGHV4-34,1.0,0.0,1
DEFA6,1.0,0.0,1
IGHV1-18,1.0,0.0,1
IGHV3-20,1.0,0.0,1
IGKV2D-24,1.0,0.0,1
IGHV3-21,1.0,0.0,1
IGHV2-5,1.0,0.0,1
IGHV3-66,1.0,0.0,1
IGHV3-23,1.0,0.0,1
IGHV4-4,1.0,0.0,1
IGKV3-11,1.0,0.0,1
IGHV1-24,1.0,0.0,1
IGHV3-30,1.0,0.0,1
IGHV4-31,1.0,0.0,1
IGHV3-33,1.0,0.0,1
IGHV6-1,1.0,0.0,1
IGKV1-33,1.0,0.0,1
UMOD,1.0,0.0,1
IGLV2-18,1.0,0.0,1
IGHV3-72,1.0,0.0,1
IGKV3D-20,1.0,0.0,1
TRAV19,1.0,0.0,1
PGA5,1.0,0.0,1
IGKV1-8,1.0,0.0,1
RBPMS2,1.0,0.0,1
VPREB1,1.0,0.0,1
GYPA,1.0,0.0,1
HBM,1.0,0.0,1
IGKV1D-8,1.0,0.0,1
IGHV4-39,1.0,0.0,1
IGKV1D-12,1.0,0.0,1
IGLV7-43,1.0,0.0,1
FABP1,1.0,0.0,1
CCDC78,1.0,0.0,1
SYT16,1.0,0.0,1
IGKV1-27,1.0,0.0,1
DLGAP5,1.0,0.0,1
PAEP,1.0,0.0,1
IGKJ1,1.0,0.0,1
IGKV2-29,1.0,0.0,1
TRBV19,1.0,0.0,1
IGHV3-73,1.0,0.0,1
CHGA,1.0,0.0,1
IGHV3-74,1.0,0.0,1
STON2,1.0,0.0,1
IGKV1-6,1.0,0.0,1
IGKV2D-28,1.0,0.0,1
IGHV3-13,1.0,0.0,1
IGKV1D-16,1.0,0.0,1
IGKV1-9,1.0,0.0,1
AK1,0.9954373845939233,-0.004943624,1
IL2RB,0.9905168143182236,-0.008425149,1
SFTPA1,0.9879223356361331,-0.010172172,1
CSTA,0.9867518998163249,-0.017477944,1
ITM2C,0.9720786086761286,-0.022797799,1
SCGB3A2,0.9706705956145956,-0.05415367,1
SPRR3,0.9706705956145956,-0.05415367,1
REXO2,0.9693289216398526,-0.015816314,1
IFI27,0.9614598612961189,-0.036683295,1
SOX4,0.9574760804105105,-0.05497924,1
RNF130,0.9491498568790331,-0.07388159,1
HIST1H4C,0.9451102039133932,-0.039218638,1
NOP16,0.9399698137290542,-0.055395126,1
COTL1,0.9317471493350379,-0.03771535,1
TNFRSF12A,0.9310682808573657,-0.12510322,1
VSIG4,0.9308970336321171,-0.12510322,1
RALGPS2,0.9308970336321171,-0.12510322,1
RASGRP3,0.9305507141540081,-0.12510322,1
CLIC5,0.9305507141540081,-0.12510322,1
PCCB,0.9300160105195459,-0.090751,1
NNMT,0.8913210969474143,-0.19277772,1
FDX1,0.8883962172099416,-0.07844713,1
TIMP1,0.8856541363031221,-0.073270045,1
CDK6,0.8765272309436345,-0.09355957,1
CRELD2,0.8602750582893084,-0.10401859,1
IFITM3,0.8571182320307041,-0.07962865,1
SAT1,0.8544580673965525,-0.096051216,1
RGL4,0.8537081082531469,-0.09498503,1
FBLN1,0.8524742176263906,-0.25746843,1
MAFB,0.851382443718092,-0.25746843,1
S100A10,0.8342008006486792,-0.092038594,1
RPL22L1,0.83248183952283,-0.08184969,1
TNFSF13B,0.8297969827791983,-0.2911594,1
DKC1,0.8084680113808046,-0.14200081,1
CD8B,0.7769103179789711,-0.24140388,1
FOXO4,0.7751688612387466,-0.37888363,1
OAT,0.7657396866194148,-0.18213108,1
CCL3,0.7548885137940147,-0.22610857,1
PTP4A3,0.7421937987438845,-0.26168373,1
IGLC3,0.7382257422181716,-0.43602774,1
FAM89A,0.7369827065150425,-0.43602774,1
EPOR,0.7363546041236145,-0.43602774,1
SERPINA1,0.7323258692881296,-0.43982187,1
PLCG2,0.7233717924477585,-0.28300604,1
ICAM1,0.7118452944533924,-0.3524048,1
CLDN5,0.7014534580121848,-0.49103618,1
ENG,0.7000568694428493,-0.49103618,1
LYN,0.6993512994963101,-0.49103618,1
FOS,0.6886451354445611,-0.35085413,1
MS4A6A,0.6631462518877255,-0.54406434,1
HBA2,0.6587862128520199,-0.41124502,1
CPPED1,0.6286507989474812,-0.5952512,1
ZWINT,0.6030156424780717,-0.6447217,1
NUSAP1,0.5978529252565215,-0.6447217,1
XCL2,0.5934310292722458,-0.44747603,1
IRF7,0.5790807046634978,-0.353944,1
METTL13,0.558804408213041,-0.5224297,1
HIST1H2AC,0.5572261813285371,-0.44363797,1
HLA-DQA1,0.5254048763578052,-0.40397623,1
IFI6,0.5186680302112404,-0.32241452,1
H2AFZ,0.5023049186874304,-0.2358619,1
RECK,0.4962466919008852,-0.78390825,1
PTPRE,0.461145201854828,-0.47608942,1
STXBP2,0.4234653017130763,-0.37658134,1
TWISTNB,0.41890982562653345,-0.5180528,1
S100A11,0.41758633669530865,-0.28553465,1
IL23A,0.3963448913485763,-0.5454177,1
ACSS1,0.36330756711444046,-0.7842475,1
MNDA,0.35666087917749967,-0.9902482,1
RAN,0.3551656832065063,-0.28724968,1
TFDP1,0.35012966998882744,-0.6174074,1
S100A6,0.3477828838984057,-0.67308325,1
S100A4,0.32606449100265233,-1.259104,1
CFB,0.31749804571168194,-19.56364,1
LMTK3,0.31749804571168194,-19.56364,1
LILRA4,0.31749804571168194,-19.56364,1
PACRG,0.31749804571168194,-19.56364,1
TRBV7-2,0.31749804571168194,-19.56364,1
ORM1,0.31749804571168194,-19.56364,1
ARHGAP6,0.31749804571168194,-19.56364,1
GSTA1,0.31749804571168194,-19.56364,1
CD177,0.31749804571168194,-22.151396,1
CDC20B,0.31749804571168194,-19.56364,1
IGLV2-8,0.31749804571168194,-19.56364,1
KLK2,0.31749804571168194,-19.56364,1
CACNG8,0.31749804571168194,-19.56364,1
SUGCT,0.31749804571168194,-19.56364,1
TRBV6-5,0.31749804571168194,-19.56364,1
SLC6A14,0.31749804571168194,-19.56364,1
TMEM190,0.31749804571168194,-19.56364,1
EDN2,0.31749804571168194,-19.56364,1
TXNDC5,0.31749804571168194,-19.56364,1
TRBV4-1,0.31749804571168194,-19.56364,1
TFPI2,0.31749804571168194,-19.56364,1
TREML1,0.31749804571168194,-19.56364,1
STC1,0.31749804571168194,-19.56364,1
DEPDC1,0.31749804571168194,-19.56364,1
BANK1,0.31749804571168194,-19.56364,1
FAM178B,0.31749804571168194,-19.56364,1
KRT23,0.31749804571168194,-19.56364,1
OMG,0.31749804571168194,-19.56364,1
IGKV3-15,0.31749804571168194,-19.56364,1
C11orf88,0.31749804571168194,-19.56364,1
CEACAM6,0.31749804571168194,-19.56364,1
RGS13,0.31749804571168194,-19.56364,1
MMP7,0.31749804571168194,-19.56364,1
KIF18B,0.31749804571168194,-19.56364,1
MYL4,0.31749804571168194,-19.56364,1
FOLR1,0.31749804571168194,-19.56364,1
IGHA2,0.31749804571168194,-19.56364,1
CST6,0.31749804571168194,-19.56364,1
CYGB,0.31749804571168194,-19.56364,1
IGKV1-17,0.31749804571168194,-19.56364,1
MS4A2,0.31749804571168194,-19.56364,1
FCGR2B,0.31749804571168194,-19.56364,1
RND3,0.31749804571168194,-19.56364,1
ANKRD29,0.31749804571168194,-19.56364,1
EFHB,0.31749804571168194,-19.56364,1
ATP12A,0.31749804571168194,-19.56364,1
MEG3,0.31749804571168194,-19.56364,1
CCL7,0.31749804571168194,-19.56364,1
GALNT5,0.31749804571168194,-19.56364,1
FGFBP1,0.31749804571168194,-19.56364,1
DRC3,0.31749804571168194,-19.56364,1
CHL1,0.31749804571168194,-19.56364,1
GPRC5A,0.31749804571168194,-19.56364,1
TNNC1,0.31749804571168194,-19.56364,1
IGKV1-5,0.31749804571168194,-19.56364,1
HDC,0.31749804571168194,-19.56364,1
KRT5,0.31749804571168194,-19.56364,1
CEMIP,0.31749804571168194,-19.56364,1
NXPH4,0.31749804571168194,-19.56364,1
WIF1,0.31749804571168194,-19.56364,1
IGHV3-7,0.31749804571168194,-19.56364,1
KITLG,0.31749804571168194,-19.56364,1
MT1H,0.31749804571168194,-19.56364,1
CETP,0.31749804571168194,-19.56364,1
DPEP3,0.31749804571168194,-19.56364,1
CDC42BPA,0.31749804571168194,-19.56364,1
LINC00304,0.31749804571168194,-19.56364,1
ZMYND15,0.31749804571168194,-19.56364,1
SPC25,0.31749804571168194,-19.56364,1
SLC38A11,0.31749804571168194,-19.56364,1
CLNK,0.31749804571168194,-19.56364,1
CAMP,0.31749804571168194,-19.56364,1
CXCL5,0.31749804571168194,-19.56364,1
LY6H,0.31749804571168194,-19.56364,1
AZU1,0.31749804571168194,-19.56364,1
TMEM63C,0.31749804571168194,-19.56364,1
CXCL11,0.31749804571168194,-19.56364,1
CLC,0.31749804571168194,-19.56364,1
CXCL13,0.31749804571168194,-20.564198,1
SDR16C5,0.31749804571168194,-19.56364,1
CD72,0.31749804571168194,-19.56364,1
CRCT1,0.31749804571168194,-19.56364,1
TRAV12-3,0.31749804571168194,-19.56364,1
GPX2,0.31749804571168194,-19.56364,1
LYPD2,0.31749804571168194,-20.564198,1
CCDC151,0.31749804571168194,-19.56364,1
FAM129C,0.31749804571168194,-19.56364,1
CKAP2L,0.31749804571168194,-19.56364,1
SDC2,0.31749804571168194,-19.56364,1
CA8,0.31749804571168194,-19.56364,1
GDF15,0.31749804571168194,-19.56364,1
SPAG17,0.31749804571168194,-19.56364,1
PRSS57,0.31749804571168194,-19.56364,1
CA3,0.31749804571168194,-19.56364,1
C1orf189,0.31749804571168194,-19.56364,1
PI3,0.31749804571168194,-19.56364,1
CYP2F1,0.31749804571168194,-19.56364,1
SERPINB3,0.31749804571168194,-19.56364,1
DRD4,0.31749804571168194,-19.56364,1
CD1E,0.31749804571168194,-19.56364,1
FAM216B,0.31749804571168194,-19.56364,1
SIRPD,0.31749804571168194,-19.56364,1
LRRC26,0.31749804571168194,-19.56364,1
CCDC74A,0.31749804571168194,-19.56364,1
AXL,0.31749804571168194,-19.56364,1
IGKV2D-29,0.31749804571168194,-19.56364,1
OLFM1,0.31749804571168194,-19.56364,1
TMEM56,0.31749804571168194,-19.56364,1
GFI1B,0.31749804571168194,-19.56364,1
RNASE2,0.31749804571168194,-19.56364,1
HBD,0.31749804571168194,-19.56364,1
CRIP1,0.31691072997865866,-0.73375523,1
TCTEX1D2,0.30474716965522197,-0.83585423,1
HOPX,0.3028534006526765,-0.5265422,1
NCL,0.3009457099088025,-0.3290652,1
NAMPT,0.29814581856608446,-0.5365336,1
MKRN1,0.29720437367230373,-0.41884843,1
LTC4S,0.2925626519236167,-1.1015575,1
RRM2,0.2891238624550321,-23.660051,1
SLC2A1,0.290330618615493,-1.1015575,1
PSMG1,0.2866879283143176,-0.8574796,1
HBB,0.276647752299032,-0.6755363,1
GCLM,0.2705600231493903,-0.75336874,1
IL17A,0.2644506719668687,-22.738037,1
GAPDH,0.26146833048008383,-0.7633319,1
HNRNPAB,0.25622367568178844,-0.57915235,1
HSP90B1,0.25277929313063263,-0.45372474,1
TPGS2,0.24736570248099518,-0.7003226,1
JUN,0.24570105516413163,-1.0625596,1
BNIP3L,0.24190764358144018,-0.50697666,1
HEBP1,0.2412717307816382,-0.9205716,1
PRKAR2B,0.22539035316781628,-21.887802,1
CCDC50,0.21625777068350138,-1.238106,1
FCER1G,0.2150847280477781,-0.63187,1
CST3,0.21143423977155573,-0.75888956,1
VCAN,0.21103508472841784,-1.238106,1
GTSE1,0.20602621886000097,-21.565315,1
TYMS,0.2032125789506505,-23.743074,1
NEAT1,0.19710115466381764,-0.5988947,1
LST1,0.19613690050675459,-0.68904126,1
MT2A,0.1920961134291002,-0.5623179,1
GSTP1,0.19262181123960007,-0.56665826,1
KLRD1,0.18270810925073352,-1.0583767,1
IL1B,0.18091269439885108,-1.301966,1
PMCH,0.16560610183870123,-21.887802,1
TRBV14,0.15737961004283563,-22.151396,1
WDR17,0.1573796100428356,-20.564198,1
SORT1,0.1573796100428356,-20.564198,1
ROPN1L,0.1573796100428356,-20.564198,1
SPRR1B,0.1573796100428356,-20.564198,1
IL1R2,0.1573796100428356,-20.564198,1
CYP4B1,0.1573796100428356,-20.564198,1
LGALSL,0.1573796100428356,-20.564198,1
CCDC17,0.1573796100428356,-20.564198,1
IGKV4-1,0.1573796100428356,-20.564198,1
DDR2,0.1573796100428356,-20.564198,1
TNFAIP6,0.1573796100428356,-20.564198,1
SFN,0.1573796100428356,-20.564198,1
RHCE,0.1573796100428356,-20.564198,1
IGKV1-12,0.1573796100428356,-20.564198,1
PFKFB2,0.1573796100428356,-20.564198,1
CENPA,0.1573796100428356,-20.564198,1
SNTN,0.1573796100428356,-20.564198,1
AC008268.1,0.1573796100428356,-20.564198,1
AKR1C2,0.1573796100428356,-20.564198,1
SFTA1P,0.1573796100428356,-20.564198,1
EBI3,0.1573796100428356,-20.564198,1
INHBA,0.1573796100428356,-20.564198,1
KRT17,0.1573796100428356,-20.564198,1
CDK1,0.1573796100428356,-20.564198,1
DEFB1,0.1573796100428356,-20.564198,1
RRAD,0.1573796100428356,-20.564198,1
IGLV3-1,0.1573796100428356,-20.564198,1
CMTM2,0.1573796100428356,-20.564198,1
ZNF556,0.1573796100428356,-20.564198,1
JSRP1,0.1573796100428356,-20.564198,1
PAPPA,0.1573796100428356,-20.564198,1
ORM2,0.1573796100428356,-20.564198,1
TRBV5-1,0.1573796100428356,-20.564198,1
IGLL1,0.1573796100428356,-20.564198,1
TRBV3-1,0.1573796100428356,-20.564198,1
CD19,0.1573796100428356,-20.564198,1
HSD17B6,0.1573796100428356,-20.564198,1
ENHO,0.1573796100428356,-20.564198,1
LY6D,0.1573796100428356,-20.564198,1
LAMP5,0.1573796100428356,-20.564198,1
KRT6C,0.1573796100428356,-20.564198,1
PLIN5,0.1573796100428356,-20.564198,1
UPK3B,0.1573796100428356,-20.564198,1
PLD4,0.1573796100428356,-20.564198,1
CD22,0.1573796100428356,-20.564198,1
SIGLEC10,0.1573796100428356,-20.564198,1
FCGBP,0.1573796100428356,-20.564198,1
STXBP6,0.1573796100428356,-20.564198,1
CTSG,0.1573796100428356,-20.564198,1
LY6G6F,0.1573796100428356,-20.564198,1
NKX2-1,0.1573796100428356,-20.564198,1
FOLR2,0.1573796100428356,-20.564198,1
CLEC10A,0.1573796100428356,-20.564198,1
KLK12,0.1573796100428356,-20.564198,1
PPP1R14A,0.1573796100428356,-20.564198,1
POU2AF1,0.1573796100428356,-20.564198,1
CSF3,0.1573796100428356,-20.564198,1
ARG1,0.1573796100428356,-20.564198,1
GNAZ,0.1573796100428356,-20.564198,1
SLC25A37,0.15845195843052784,-0.91609997,1
IER5,0.1582073077960967,-0.86495674,1
ECI2,0.15636905220148262,-0.75835717,1
CTSS,0.15250226017432378,-0.4636075,1
TMEM14C,0.15194103692691133,-0.5574041,1
DUT,0.14899988246326573,-0.48569798,1
TK1,0.1443595364947893,-23.743074,1
LYAR,0.14749934587573468,-0.74542433,1
MT1F,0.14657079085758193,-0.9814746,1
FCGR3A,0.14475215533665625,-1.4220515,1
CD79B,0.14573326179676624,-1.1262202,1
SOCS2,0.1436210658301211,-0.9439504,1
CCNB2,0.13172237715672466,-21.887802,1
PCNA,0.1344338923675625,-0.83374256,1
RNF145,0.12958014474380872,-0.95616573,1
FCN1,0.1262664195907488,-1.4220515,1
JUNB,0.12600843002689843,-1.8588096,1
LDLR,0.12539749307964368,-1.1318938,1
ISOC2,0.12452926430570531,-1.1318938,1
RUFY1,0.12366019210759337,-1.1318938,1
TUBA1B,0.11583575484948501,-0.5634089,1
IL22,0.11050931717619092,-24.03482,1
MYOM2,0.11254176508484824,-1.5062013,1
MYBL2,0.10832237939800404,-22.374348,1
ASPM,0.10832237939800404,-22.374348,1
IL13,0.10602367303523375,-22.738037,1
BIRC5,0.10249254442185772,-21.565315,1
IGHV1-3,0.10249254442185772,-21.565315,1
CMTM5,0.10249254442185772,-21.565315,1
CDK4,0.10243816657348066,-1.0246571,1
FBLN5,0.10231007577176811,-1.1848136,1
MIF,0.09710399954446915,-0.64665073,1
RHOB,0.09591965885323642,-0.9502223,1
KLF10,0.089535974683144,-1.2191106,1
TSPAN17,0.08835715683201291,-1.5332361,1
MCM7,0.0876408596111894,-1.2691692,1
CHIT1,0.08326442394079842,-21.14972,1
PKIB,0.08326442394079842,-21.14972,1
PYCR1,0.08326442394079842,-21.14972,1
DPYSL3,0.08326442394079842,-21.14972,1
LCN2,0.08326442394079842,-21.14972,1
RASSF6,0.08326442394079842,-21.14972,1
GP9,0.08326442394079842,-21.14972,1
PDZK1IP1,0.08326442394079842,-21.14972,1
SNCG,0.08326442394079842,-21.14972,1
IGKV3-20,0.08326442394079842,-21.14972,1
TIMD4,0.08326442394079842,-21.14972,1
KRT15,0.08326442394079842,-21.14972,1
NCAPG,0.08326442394079842,-21.14972,1
CCL17,0.08326442394079842,-21.14972,1
AGR3,0.08326442394079842,-21.14972,1
IGHG4,0.08326442394079842,-21.14972,1
CD34,0.08326442394079842,-21.14972,1
FAM111B,0.08326442394079842,-21.14972,1
AKR1C1,0.08326442394079842,-21.14972,1
FAM177B,0.08326442394079842,-21.14972,1
GKN2,0.08326442394079842,-21.14972,1
GJB6,0.08326442394079842,-21.14972,1
CCDC13,0.08326442394079842,-21.14972,1
AQP4,0.08326442394079842,-21.14972,1
CFAP53,0.08326442394079842,-21.14972,1
EMCN,0.08326442394079842,-21.14972,1
TMEM40,0.08326442394079842,-21.14972,1
SERPINB2,0.08326442394079842,-21.14972,1
KRT7,0.08326442394079842,-21.14972,1
PLK1,0.08326442394079842,-21.14972,1
ACRBP,0.08326442394079842,-21.14972,1
BASP1,0.08326442394079842,-21.14972,1
IGFBP2,0.08326442394079842,-21.14972,1
FCRL5,0.08326442394079842,-21.14972,1
BGLAP,0.08326442394079842,-21.14972,1
PBX1,0.08326442394079842,-21.14972,1
CDCA3,0.08326442394079842,-21.14972,1
TPX2,0.08326442394079835,-22.151396,1
NRGN,0.0826614585334943,-24.580997,1
ANXA2,0.07909306826468446,-0.54284066,1
CCT6A,0.07848809839115554,-0.6677509,1
CSF2,0.0736270002479828,-22.567553,1
PAK1IP1,0.07215061487413912,-1.5858921,1
CTSZ,0.06823813486771892,-1.6115459,1
PTCRA,0.05875361043287495,-21.887802,1
MND1,0.05875361043287495,-21.887802,1
CDC20,0.05775036091135688,-22.151396,1
NUP214,0.059586482683426374,-1.636771,1
DNASE1L3,0.05216844522062519,-22.374348,1
SUB1,0.05458403676106025,-0.6502252,1
RTKN2,0.05116449518926112,-1.7569438,1
PRDX2,0.04982984414053018,-0.6824546,1
DERL3,0.045458292729932,-21.565315,1
ITGA2B,0.045458292729932,-21.565315,1
DAB2,0.045458292729932,-21.565315,1
TGFA,0.045458292729932,-21.565315,1
PEBP4,0.045458292729932,-21.565315,1
LAMP3,0.045458292729932,-21.565315,1
CYP1B1,0.045458292729932,-21.565315,1
RBP7,0.045458292729932,-21.565315,1
TNC,0.045458292729932,-21.565315,1
HMOX1,0.045458292729932,-21.565315,1
TFF3,0.045458292729932,-21.565315,1
GATA2,0.045458292729932,-21.565315,1
IGFBP5,0.045458292729932,-21.565315,1
CSF1R,0.045458292729932,-21.565315,1
PTX3,0.045458292729932,-21.565315,1
SLC40A1,0.046263180539910125,-1.4176568,1
CMC1,0.044433992966209604,-1.1512606,1
SERBP1,0.04433930902364525,-0.6536822,1
TUBB1,0.0395443496554892,-23.154753,1
SLIRP,0.040833871072864195,-0.9614632,1
KIF2C,0.033842878313685286,-22.151396,1
SAA1,0.033842878313685286,-22.151396,1
TNFRSF13B,0.033842878313685286,-22.151396,1
RHD,0.033842878313685286,-22.151396,1
MRC1,0.033842878313685286,-22.151396,1
PRSS27,0.033842878313685286,-22.151396,1
PCBP3,0.033842878313685286,-22.151396,1
IL32,0.035366136111450695,-1.6673942,1
FHL2,0.03245649254086734,-22.567553,1
STMN1,0.032566911539218264,-1.1597805,1
KLRC2,0.028993913462898056,-23.743074,1
CCT2,0.03078816332518659,-0.7988118,1
IL10,0.02794843786612658,-24.33308,1
CD302,0.025290448795294886,-21.887802,1
PEG10,0.025290448795294886,-21.887802,1
HIST1H2BJ,0.025290448795294886,-21.887802,1
IL3RA,0.025290448795294886,-21.887802,1
GNAI1,0.025290448795294886,-21.887802,1
KCNH2,0.025290448795294886,-21.887802,1
ADD2,0.025290448795294886,-21.887802,1
LRRC25,0.025290448795294886,-21.887802,1
MXRA8,0.025290448795294886,-21.887802,1
SPAG4,0.025290448795294886,-21.887802,1
IL1RL1,0.025290448795294886,-21.887802,1
MMP9,0.025290448795294886,-21.887802,1
TBXA2R,0.025290448795294886,-21.887802,1
ESAM,0.025290448795294886,-21.887802,1
VPREB3,0.025290448795294886,-21.887802,1
FCRLA,0.025290448795294886,-21.887802,1
CCL23,0.025290448795294886,-21.887802,1
ELF3,0.025290448795294886,-21.887802,1
LMO2,0.025290448795294886,-21.887802,1
DMC1,0.025290448795294886,-21.887802,1
SMPD3,0.025290448795294886,-21.887802,1
KRT4,0.025290448795294886,-21.887802,1
ENPP2,0.025290448795294886,-21.887802,1
E2F5,0.025290448795294886,-21.887802,1
TBC1D16,0.025290448795294886,-21.887802,1
PLEKHH2,0.025290448795294886,-21.887802,1
ANXA3,0.025290448795294886,-21.887802,1
CCL19,0.025290448795294886,-21.887802,1
PRR4,0.025313353794798443,-1.8247235,1
RANBP1,0.02526499707671282,-0.83107156,1
ASF1B,0.021752249146161032,-23.028662,1
GNLY,0.022617434156696183,-1.2292557,1
CDT1,0.020863342972999473,-22.567553,1
APLP2,0.02271492444532863,-1.311738,1
MT1X,0.022187077588018658,-0.83982265,1
ISG15,0.021911905756464,-0.705634,1
TACSTD2,0.02007870068024689,-22.738037,1
ACTB,0.022326991550002097,-5.961675,1
SLC25A39,0.02220286631206076,-1.037016,1
TRAV13-2,0.019572594868740984,-22.374348,1
CCNB1,0.019572594868740984,-22.374348,1
MARCKS,0.019572594868740977,-22.374348,1
HOXB2,0.021276309598195577,-1.3226488,1
TRDC,0.018958426512370077,-24.03482,1
NKG7,0.019879862846154474,-1.0460522,1
CPVL,0.01796818574714158,-24.711964,1
PRDX4,0.0192160054285921,-1.5258828,1
TIMM13,0.019264304452401373,-1.0000452,1
SSR4,0.019342490394457294,-0.7022291,1
BRI3,0.018944624505524924,-1.2209076,1
FAM210B,0.0186598527768044,-1.8896084,1
PIGR,0.01424923493394524,-22.151396,1
RBP4,0.01424923493394524,-22.151396,1
SPIB,0.01424923493394524,-22.151396,1
CX3CR1,0.01424923493394524,-22.151396,1
HP,0.01424923493394524,-22.151396,1
IL6,0.01424923493394524,-22.151396,1
ADAM23,0.01424923493394524,-22.151396,1
IGF1,0.01424923493394524,-22.151396,1
CENPU,0.01424923493394524,-22.151396,1
TSPAN13,0.01424923493394524,-22.151396,1
CCND1,0.01424923493394524,-22.151396,1
FPR1,0.01424923493394524,-22.151396,1
FBN1,0.01424923493394524,-22.151396,1
EDN1,0.01424923493394524,-22.151396,1
BEX1,0.01424923493394524,-22.151396,1
PPP1R14B,0.014660608132393194,-1.5940078,1
ZFP36L1,0.014474265943688214,-0.9732565,1
CLSPN,0.012499538291012064,-22.738037,1
TNFRSF4,0.012711374809242683,-1.1767572,1
UROD,0.013124148082597216,-1.580617,1
NUF2,0.01135776745406367,-22.567553,1
FOXJ1,0.011357767454063668,-22.567553,1
CCNE1,0.011357767454063668,-22.567553,1
CA2,0.009270869428364062,-23.27079,1
METAP2,0.010792274133750947,-1.0674422,1
PYCARD,0.010438675585614204,-1.1878561,1
GRN,0.009952291311512332,-1.4380322,1
TCL1A,0.00810152690360211,-22.374348,1
ALDH1A1,0.00810152690360211,-22.374348,1
AKR1C3,0.00810152690360211,-22.374348,1
MUC20,0.00810152690360211,-22.374348,1
BATF3,0.00810152690360211,-22.374348,1
HCK,0.00810152690360211,-22.374348,1
PTPRS,0.00810152690360211,-22.374348,1
SGCE,0.00810152690360211,-22.374348,1
CSF2RB,0.00810152690360211,-22.374348,1
F13A1,0.00810152690360211,-22.374348,1
CPNE5,0.00810152690360211,-22.374348,1
LEPR,0.00810152690360211,-22.374348,1
CDKN3,0.007584493222646742,-23.028662,1
UTS2,0.007584493222646742,-23.028662,1
PLEKHG1,0.006609492761348165,-22.738037,1
RAB32,0.006609492761348165,-22.738037,1
RUVBL2,0.007110633219299187,-2.0502403,1
HMGB1,0.007295253996052544,-0.9571333,1
PPBP,0.005789892817264091,-25.92994,1
PF4,0.00487155486181878,-24.220926,1
CKB,0.004637692500589295,-22.567553,1
VMO1,0.004637692500589295,-22.567553,1
NMNAT3,0.004637692500589295,-22.567553,1
EPS8L1,0.004637692500589295,-22.567553,1
MDK,0.004637692500589295,-22.567553,1
TFR2,0.004637692500589295,-22.567553,1
EREG,0.004469291442578253,-23.028662,1
NPC2,0.005310248003916361,-0.95484537,1
TMEM14B,0.004997350969862314,-0.9864435,1
MSR1,0.0026689144152317076,-22.738037,1
CD33,0.0026689144152317076,-22.738037,1
LILRB2,0.0026689144152317076,-22.738037,1
SPP1,0.0026689144152317076,-22.738037,1
PTMA,0.003465974029897614,-3.8984094,1
SCD,0.0022536391836653303,-23.028662,1
TKT,0.0028301261523088475,-1.0508364,1
FSCN1,0.001592794534395908,-23.27079,1
PILRA,0.0015423947362348425,-22.890598,1
SLC34A2,0.0015423947362348425,-22.890598,1
PRSS21,0.0015423947362348425,-22.890598,1
IFIT2,0.0008971117397166002,-25.575705,1
EMP2,0.0008944148408970754,-23.028662,1
FCER1A,0.0008944148408970754,-23.028662,1
GYPC,0.001282066446521581,-1.0124613,1
CCR10,0.000680288404508134,-24.793257,1
VIM,0.0009773424237836028,-2.341868,1
TRAP1,0.0008073300299112026,-2.3442986,1
TMEM176B,0.0005665062559691521,-23.47836,1
CXCL1,0.0005201191236286724,-23.154753,1
PRC1,0.0005201191236286724,-23.154753,1
TMEM176A,0.0005201191236286724,-23.154753,1
PLBD1,0.0005201191236286724,-23.154753,1
CMBL,0.0005201191236286724,-23.154753,1
PCOLCE,0.0005201191236286724,-23.154753,1
PAICS,0.0007094470282023986,-2.3442986,1
CHST2,0.00045436989054136026,-23.378263,1
LGALS2,0.00045436989054136026,-23.378263,1
S100B,0.0004404267047906806,-24.907415,1
PCSK1N,0.0003996093400991001,-24.580997,1
IFIT3,0.00034594526738391927,-24.220926,1
TRIM58,0.0003031678399247125,-23.27079,1
PARD6B,0.0003031678399247125,-23.27079,1
MT1A,0.0003031678399247125,-23.27079,1
CD300E,0.0003031678399247125,-23.27079,1
HMGA1,0.0004692626332504629,-1.2318715,1
IRF8,0.00024926365633509923,-23.967146,1
GLRX5,0.00036630865058724594,-1.7998995,1
UBE2S,0.0003030203573269673,-2.063919,1
SLC7A7,0.00017705904424257586,-23.378263,1
MS4A7,0.00017705904424257586,-23.378263,1
MT1E,0.00017274261979179895,-2.993207,1
CNKSR2,0.000157151018231993,-23.57203,1
HBA1,0.000157151018231993,-23.57203,1
CAV1,0.0001568490836830266,-23.967146,1
NME1,0.0002030982366385542,-2.063919,1
TUBG1,0.00010358029086663669,-23.47836,1
C15orf48,0.00010358029086663669,-23.47836,1
CSF3R,0.00010358029086663669,-23.47836,1
TM4SF1,0.00010358029086663669,-23.47836,1
CDKN1C,9.090418939485056e-05,-24.220926,1
FXN,0.0001462798300361645,-2.494348,1
IFIT1,8.43125809250404e-05,-23.896196,1
SEC11C,0.0001379505364398601,-1.6093489,1
FTL,0.00015112012037160592,-2.6842625,1
MT1M,6.0681048627022694e-05,-23.57203,1
PLA2G2A,6.0681048627022694e-05,-23.57203,1
EGR1,0.00010362951787797592,-2.027952,1
KCTD12,5.453486025159073e-05,-23.743074,1
CD36,4.25143224431293e-05,-23.896196,1
TNFAIP2,3.559238254403222e-05,-23.660051,1
HEMGN,3.438945002264076e-05,-24.099512,1
HES4,3.0566409834723353e-05,-24.03482,1
RND1,2.2548820579198424e-05,-24.220926,1
MPEG1,2.0898466399635478e-05,-23.743074,1
IGSF6,2.0898466399635478e-05,-23.743074,1
LIMS1,2.3544296483490557e-05,-1.6182148,1
UROS,2.028521977171608e-05,-2.2514875,1
PHACTR1,7.2234567581531745e-06,-23.896196,1
CES1,7.2234567581531745e-06,-23.896196,1
KLRF1,7.2234567581531745e-06,-23.896196,1
RNASE6,5.335237466659574e-06,-24.161472,1
ACTG1,1.2425982747267398e-05,-3.2788053,1
NCF2,3.173978749291435e-06,-24.220926,1
TUBB,9.263111553165462e-06,-1.375716,1
CMTM8,6.715377261072404e-06,-2.7572277,1
PHGDH,2.3858443041136895e-06,-24.33308,1
PA2G4,8.17728209308769e-06,-1.452565,1
HVCN1,1.8878688302219008e-06,-24.27807,1
NME4,4.172943606085537e-06,-2.7812638,1
FGFBP2,1.3637937046404857e-06,-24.220926,1
SPI1,8.061256074482263e-07,-24.27807,1
CCR7,2.758529644005566e-06,-1.9824408,1
HIST1H2AG,5.125741289883571e-07,-24.220926,1
PTCH2,3.0231198225778585e-07,-24.27807,1
TPM2,2.817671858548893e-07,-24.386108,1
MOB3C,2.3582359473743873e-07,-24.486765,1
PASK,4.953344057974523e-07,-2.1724818,1
FGR,3.445079964463111e-08,-24.580997,1
HNRNPA1,2.43524494326309e-07,-2.9879582,1
CD52,1.029191466873105e-07,-3.89737,1
LXN,6.138221478364079e-09,-24.793257,1
S100A12,4.210880001067028e-09,-24.753166,1
CD14,8.696434976692127e-10,-24.870329,1
LMO7,7.590435759642236e-10,-24.943602,1
HMBS,5.403728451944572e-10,-24.832293,1
PDLIM1,4.843542615614809e-10,-25.080149,1
MAP2K2,3.977682711818596e-09,-2.759872,1
AP1S2,4.578378348235689e-09,-2.492436,1
FOSB,7.656829987778079e-10,-2.2354267,1
S100A9,1.544522449068186e-09,-2.0956337,1
MMD,6.772873527083418e-12,-25.234964,1
ALAD,4.479220186571344e-12,-25.205256,1
S100A8,3.68927283022988e-11,-2.5825195,1
NPM1,1.838920280878456e-10,-3.3249116,1
YBX1,1.2892366418377327e-10,-2.272724,1
ST6GALNAC4,4.870800785771035e-13,-25.37528,1
ARV1,1.9487236969520883e-13,-25.320715,1
CHI3L2,9.362540933125904e-14,-26.037664,1
HLA-DMB,9.032521885746168e-14,-25.644508,1
IER2,7.352566986724248e-13,-2.65153,1
PLAC8,1.665436498396873e-12,-2.5289419,1
JUND,6.682020370705056e-14,-2.2873607,1
VSIG1,5.450119693563745e-16,-25.644508,1
UBAC1,2.04311049834783e-17,-25.814077,1
LYZ,4.010453185884444e-18,-3.2688334,1
AIF1,6.0128731783931475e-24,-4.4596,1
SELL,3.7476810652235105e-33,-4.3250256,1
LTB,4.806130417051424e-40,-7.591656,1
CXCR4,3.1882405145044006e-14,12.785634,2
SRGN,4.01240582740455e-05,4.8179116,2
ZFP36,0.00014340181162022432,4.0406704,2
RGS1,0.002677184713903172,5.323537,2
LGALS3,0.01208641481450329,1.6182091,2
HSPA1B,0.024627231248972103,1.9256026,2
FTH1,0.026425822265830085,6.0799713,2
ID2,0.026646371957042045,1.641401,2
HSP90AA1,0.02965362118942879,3.490204,2
CST7,0.034064562436106886,1.1593008,2
SFTPA1,0.03680146198718792,1.389889,2
KLF6,0.04012699166730371,1.4635526,2
GZMA,0.048068657935255756,1.2038654,2
CCL5,0.04841032874167055,2.2646139,2
ALOX5AP,0.05155746505293417,0.9602043,2
NFKBIA,0.051500865205494975,1.5272986,2
DUSP1,0.05760821714090002,1.6219199,2
HOPX,0.062400096285605076,0.82797194,2
SFTPC,0.06986771464311613,1.3102881,2
C12orf75,0.07748302955473119,1.067935,2
FBN1,0.0993447061377376,4.3942704,2
DUSP6,0.10410482305064647,1.5320868,2
PRF1,0.1068155788864031,1.733891,2
CEBPD,0.11313109785670517,1.1899117,2
CDK4,0.11473426629206802,0.9839341,2
TNFRSF12A,0.11684646801507016,2.2275355,2
TIMP1,0.11961001990050761,0.6734612,2
NNMT,0.1224333358978925,2.1489747,2
CCL4L2,0.1286202457344212,2.004685,2
CRYAB,0.13199237519813853,2.9764464,2
GZMH,0.1319517075303467,0.89147055,2
NKG7,0.13414342584534078,1.6470033,2
DUSP2,0.13412291549650016,1.1497211,2
HLA-DQA1,0.13580132101605027,1.1243875,2
IL4I1,0.14360734267680259,1.5509886,2
RGS2,0.14416432703497148,1.2261006,2
EPOR,0.1474440182582306,1.871106,2
C1QA,0.15119605284257992,1.093382,2
HSPE1,0.16749694168409143,0.81293213,2
PDLIM1,0.16755732688468059,1.3967465,2
LDLR,0.16854931304338114,1.1441354,2
DPYSL3,0.16941450210512718,5.383858,2
CD9,0.16933283363907353,1.0283917,2
CLU,0.16942367099577196,0.6936717,2
S100A11,0.17419192916151144,0.65211517,2
DCN,0.17915746621342013,1.4664029,2
TFF3,0.18038366699696362,4.3833017,2
MT1X,0.18230915490269584,0.68292147,2
IL3RA,0.19187182528366264,3.7977824,2
GCLM,0.19162762837446778,0.8952446,2
TNFRSF4,0.19292021130992532,1.4816773,2
CCL4,0.19657233219748282,4.7406893,2
NOP16,0.20661429679421178,0.93981314,2
TRAV13-2,0.21696410405965252,3.0597026,2
IGLC2,0.2204257658425869,1.3896371,2
KLRC1,0.22280515514525415,3.0373058,2
GZMK,0.22838670684084825,1.3355168,2
CSF1,0.22896589517774912,1.3446836,2
CTSL,0.2291176741525069,1.2305925,2
MBOAT2,0.2295440596902122,2.7961109,2
CLIC5,0.23111544431984554,1.7223811,2
PTTG1,0.23782112444589298,0.8036693,2
CRIP1,0.23841686590275998,1.0758408,2
CENPF,0.23913075416564858,1.3010554,2
MSR1,0.24319727434695418,2.573161,2
S100A4,0.2451082774248237,2.030648,2
CD74,0.2517611406518718,0.7737904,2
SPARCL1,0.25382955479447805,1.5768744,2
CCL21,0.25382955479447805,1.5768744,2
RNASE6,0.2545555344875308,1.5768744,2
SLC34A2,0.2574090578974449,2.3799584,2
FCER1A,0.27218410324597225,2.2094758,2
SCD,0.27272926543636106,2.2094758,2
EREG,0.2732734168320858,2.2094758,2
RUFY1,0.2768321809506548,0.9206349,2
TPSAB1,0.2780535446209797,1.4445126,2
MARCH2,0.28075852142542307,0.8472135,2
LGALS1,0.28233568988489116,0.7216984,2
PRC1,0.2875258756206068,2.0569148,2
CFD,0.2896905796644428,0.8261873,2
HLA-DPA1,0.2906383240187224,0.48233682,2
KLRD1,0.29349237649260024,1.223347,2
LYAR,0.31794180997301946,0.5700236,2
KRT5,0.3211974824631685,23.931538,2
RGS13,0.3211974824631685,23.931538,2
ANKRD29,0.3211974824631685,23.931538,2
DRC3,0.3211974824631685,23.931538,2
WIF1,0.3211974824631685,23.931538,2
TMEM63C,0.3211974824631685,23.931538,2
EDN2,0.3211974824631685,23.931538,2
GSTA1,0.3211974824631685,23.931538,2
CCDC50,0.327283370841993,0.9917229,2
RHOC,0.3317394588124287,0.6414616,2
MOB3C,0.3318294383188858,1.2109518,2
ZEB2,0.33167417905835006,0.6745915,2
C15orf48,0.3369665914009492,1.6767298,2
TUBG1,0.3369665914009492,1.6767298,2
JCHAIN,0.3370641479853319,1.0508146,2
TSPAN17,0.33891818675539775,1.0400862,2
CSF3,0.34566883792553105,4.3723626,2
DEFB1,0.34566883792553105,4.3723626,2
INHBA,0.34566883792553105,4.3723626,2
SNTN,0.34566883792553105,4.3723626,2
IGKV4-1,0.34566883792553105,4.3723626,2
KRT14,0.34566883792553105,4.3723626,2
HIST1H2BH,0.3556796994476571,1.5692565,2
XCL2,0.35600412512461355,1.1297559,2
KLRC2,0.37066114341860235,3.4240117,2
MRC1,0.3707217378894784,3.3821878,2
FKBP4,0.3707649850875755,0.63728493,2
AQP4,0.371266371706385,3.3718066,2
NCAPG,0.371266371706385,3.3718066,2
IGKV3-20,0.371266371706385,3.3718066,2
PLD1,0.371266371706385,3.3718066,2
KRT15,0.371266371706385,3.3718066,2
CDCA3,0.371266371706385,3.3718066,2
SFTA2,0.37276398954117296,1.4691628,2
TRDC,0.374281574076505,3.334449,2
NAMPT,0.38627774233589407,0.4844577,2
HLA-DPB1,0.3892880995339989,0.46044627,2
IGHA1,0.3898463241665706,0.8266504,2
FECH,0.391503358488155,1.3754953,2
IGSF6,0.391503358488155,1.3754953,2
RAB31,0.3920438649081698,1.3754953,2
IL23A,0.3978206793957505,0.84828985,2
IGFBP5,0.3979747997913441,2.786287,2
DERL3,0.3979747997913441,2.786287,2
PTX3,0.3979747997913441,2.786287,2
FXYD3,0.3979747997913441,2.786287,2
GPR183,0.40109475124991434,0.36233807,2
VDAC3,0.4106802240990942,0.37584987,2
MYL9,0.4118620036988291,1.2874743,2
IL13,0.4134601259030234,2.573161,2
APOC1,0.41542461955330934,0.59414446,2
MED24,0.41743353826170937,0.76540846,2
C11orf96,0.42577269411581586,2.3706925,2
MXRA8,0.42577269411581586,2.3706925,2
CCL19,0.42577269411581586,2.3706925,2
KRT4,0.42577269411581586,2.3706925,2
CD80,0.42577269411581586,2.3706925,2
SMPD3,0.42577269411581586,2.3706925,2
ESAM,0.42577269411581586,2.3706925,2
PLEKHH2,0.42577269411581586,2.3706925,2
IDO1,0.42577269411581586,2.3706925,2
SLC22A31,0.42577269411581586,2.3706925,2
ELF3,0.42577269411581586,2.3706925,2
MND1,0.42682222716809726,2.3706925,2
SLC39A3,0.4315500883319614,0.6374422,2
MTRNR2L12,0.435266992376678,0.36924848,2
C1QC,0.43886717910401674,0.874462,2
ADAM19,0.44565992687121236,0.597338,2
ST6GALNAC4,0.4463998230408952,0.70657176,2
HLA-DRB1,0.44878253065612406,0.3603154,2
CKS2,0.44976773076872756,0.38295016,2
CCL20,0.4512126168417806,1.2552576,2
CENPU,0.45463243127517816,2.0482073,2
IL6,0.45463243127517816,2.0482073,2
PIGR,0.45463243127517816,2.0482073,2
HP,0.45463243127517816,2.0482073,2
ALDH2,0.45637438285670795,0.83208233,2
RASGRP3,0.4718958534861242,1.051334,2
HES4,0.47340998211976615,1.051334,2
CCL2,0.47340998211976615,1.051334,2
HLA-DRA,0.4752751703647905,0.29161784,2
LMNA,0.47897863579026956,0.48946723,2
ALDH1A1,0.48452020304891885,1.7846154,2
BATF3,0.48452020304891885,1.7846154,2
CSF2RB,0.48452020304891885,1.7846154,2
AKR1C3,0.48452020304891885,1.7846154,2
WFDC2,0.48452020304891885,1.7846154,2
MARCKS,0.48550999191540534,1.7846154,2
C1QB,0.4870211493332318,0.5515364,2
DNASE1L3,0.4874733414400243,1.7846154,2
KLRB1,0.4876140647498808,0.5074831,2
TTC38,0.4942869809676046,0.98038614,2
ITM2C,0.4970134194642698,0.40771884,2
RHOB,0.5010630958169564,0.76259327,2
CMC1,0.5047308776119682,0.6068146,2
IFNG,0.5068617088750458,0.5463464,2
HSPA8,0.5145445342653265,0.7931964,2
MT1G,0.5153960902281353,1.5616655,2
MDK,0.5153960902281353,1.5616655,2
MINPP1,0.516160966409865,0.9127134,2
HLA-DRB5,0.5162416898685577,0.42027327,2
CDT1,0.5172927992416392,1.5616655,2
MGP,0.5183651939217488,0.5412299,2
CSF2,0.5210227859838528,1.5616655,2
ID1,0.5283030772578539,0.5688379,2
ANXA2,0.529171838711727,0.25031435,2
ITGB1,0.530256229318979,0.25547525,2
CPA3,0.5472142002758469,1.3684629,2
SPP1,0.5472142002758469,1.3684629,2
RETN,0.5472142002758469,1.3684629,2
XCL1,0.5472025060577264,0.35946852,2
RAB32,0.548120723390812,1.3684629,2
PLEKHG1,0.5481207233908122,1.3684629,2
CYR61,0.548120723390812,1.3684629,2
IL10,0.5507102697305523,1.3825533,2
SFTPA2,0.5558583779622781,0.408398,2
S100A6,0.558674369951005,0.4485414,2
FN1,0.5639950697655954,0.60045487,2
TUBA1C,0.5658706347941356,0.35332817,2
SPON2,0.5708533321014085,0.53079635,2
PRSS21,0.5799228683633963,1.1979803,2
MYB,0.5799228683633963,1.1979803,2
KRT18,0.5837226801731878,0.7266127,2
FAM89A,0.5841522342745826,0.7266127,2
PHGDH,0.5850074769765934,0.7266127,2
RUVBL2,0.5958196580432962,0.49014345,2
GNG11,0.6038735023498432,0.530622,2
TPM2,0.6078487867493458,0.6694703,2
PLCG2,0.6115179085148101,0.61550665,2
SLC29A1,0.6134649203345678,1.0454196,2
S100A14,0.6142659756606201,1.0454196,2
ASF1B,0.6181995921047618,1.0454196,2
BATF,0.621050814260961,0.25625473,2
IFI30,0.6242770668873429,0.49689502,2
LPCAT3,0.6316282516672407,0.5170896,2
NDC80,0.6323354237136137,0.6144636,2
TIMP3,0.647777995172888,0.9073582,2
PCOLCE,0.647777995172888,0.9073582,2
AGR2,0.647777995172888,0.9073582,2
TMEM176A,0.647777995172888,0.9073582,2
MUC1,0.648518663784271,0.9073582,2
ALAD,0.6620204498105486,0.43164417,2
TNFSF13B,0.6629938712013604,0.43164417,2
FOS,0.6658883005612786,0.593655,2
MIF,0.6674953639862058,0.17689012,2
TYROBP,0.6789125315765259,0.30466443,2
NUSAP1,0.6826235498048617,0.51025206,2
MMD,0.6826874169383004,0.40005693,2
TRIM58,0.6827949236075994,0.78126955,2
TUFT1,0.6827949236075994,0.78126955,2
MT1A,0.6827949236075994,0.78126955,2
HSP90B1,0.6897650858231004,0.14485289,2
AREG,0.6945693718045737,0.2793777,2
HSP90AB1,0.6960123435711303,0.18511711,2
PRDX4,0.6969913365452434,0.2569059,2
ICAM1,0.7048464754695346,0.36912286,2
KPNA2,0.7066066314828565,0.26794884,2
MATK,0.7074251581559394,0.2629151,2
CEBPB,0.7159149044082682,0.14451462,2
THBS1,0.7184441586098598,0.6652344,2
APOD,0.7196531563677737,0.6652344,2
NAPSA,0.7546502527213134,0.55776125,2
TM4SF1,0.7546502527213134,0.55776125,2
CSF3R,0.7546502527213134,0.55776125,2
CTSH,0.7627407933725552,0.15793066,2
HEBP1,0.7663788922974136,0.23904821,2
SERPINA1,0.7664872347942506,0.27997828,2
SFTPB,0.7899091705623221,0.17259775,2
MT1M,0.7913343764389195,0.4576675,2
PLA2G2A,0.7913343764389195,0.4576675,2
AGER,0.7917915661016653,0.4576675,2
CLECL1,0.7926971223679807,0.4576675,2
OAT,0.8116910613514519,0.13069259,2
TNFAIP2,0.8284148712671442,0.36399996,2
PTGS2,0.8291688715338519,0.36399996,2
LXN,0.8364406097357385,0.23559415,2
MAP3K8,0.8428874463982865,0.15662912,2
MAP2K2,0.8523473218268525,0.10366473,2
APOE,0.8528166350555197,0.16880062,2
GAPDH,0.8559314399084419,0.1407628,2
LUM,0.8658078305530826,0.27597892,2
SERPINF1,0.8664001100263454,0.27597892,2
ZFAND2A,0.8683462839183219,0.09337853,2
HERPUD1,0.868484612721534,0.073035,2
ACSS1,0.8821094529911973,0.10224573,2
CD14,0.8895257774473975,0.1543046,2
CPOX,0.8896500076896888,0.1543046,2
KRT13,0.8923976026494702,0.1543046,2
IL2RB,0.8929573151392883,0.09070096,2
RANBP1,0.8932144965559694,0.05822856,2
CTSW,0.9018262679786764,0.069552094,2
GEM,0.9059110791798772,0.19295849,2
CXCL8,0.9167003283097703,0.115270734,2
HMGB2,0.9356523088368804,0.039048065,2
IFI27,0.9391310663485719,0.059489187,2
IFIT1,0.9415775149612137,0.11439763,2
MS4A1,0.9415775149612137,0.11439763,2
SEC11C,0.9473128030027359,0.03163857,2
IGFBP7,0.9572155810808454,0.040779117,2
G0S2,0.9701326204090915,0.04015051,2
LTC4S,0.9702331450871167,0.04015051,2
SPRR3,0.979048074059899,0.039838627,2
IRF8,0.9792768218109438,0.039838627,2
PARVB,0.9852610094014703,0.016055902,2
CDK6,0.9959265442420443,0.0040930724,2
CCNO,1.0,0.0,2
TSPAN19,1.0,0.0,2
IGKV3D-20,1.0,0.0,2
CRISP2,1.0,0.0,2
PGBD1,1.0,0.0,2
OLFM4,1.0,0.0,2
UBD,1.0,0.0,2
ADH7,1.0,0.0,2
TSLP,1.0,0.0,2
TSPAN8,1.0,0.0,2
IGKV1-16,1.0,0.0,2
GMPR,1.0,0.0,2
SPINK1,1.0,0.0,2
CRHBP,1.0,0.0,2
GYPE,1.0,0.0,2
CD207,1.0,0.0,2
CRISP3,1.0,0.0,2
GSTA2,1.0,0.0,2
SCEL,1.0,0.0,2
C6orf58,1.0,0.0,2
CXCL9,1.0,0.0,2
IL5,1.0,0.0,2
IGKV1-8,1.0,0.0,2
FGA,1.0,0.0,2
CLEC1B,1.0,0.0,2
ADH1C,1.0,0.0,2
HIST1H3B,1.0,0.0,2
FOXI1,1.0,0.0,2
SSPN,1.0,0.0,2
IGKV3-11,1.0,0.0,2
IBSP,1.0,0.0,2
CPLX2,1.0,0.0,2
FABP6,1.0,0.0,2
KRT78,1.0,0.0,2
IGKV2-30,1.0,0.0,2
IGKV1-9,1.0,0.0,2
CFAP73,1.0,0.0,2
ESM1,1.0,0.0,2
IGKV2D-28,1.0,0.0,2
FABP1,1.0,0.0,2
PRH2,1.0,0.0,2
PGC,1.0,0.0,2
IGKV1-6,1.0,0.0,2
RSPH9,1.0,0.0,2
HAND1,1.0,0.0,2
MUCL1,1.0,0.0,2
SPINK5,1.0,0.0,2
IGKV1D-39,1.0,0.0,2
RANBP17,1.0,0.0,2
PLA2G1B,1.0,0.0,2
EFCAB1,1.0,0.0,2
IGKV1D-8,1.0,0.0,2
NDP,1.0,0.0,2
GATA1,1.0,0.0,2
DNAH12,1.0,0.0,2
CFAP77,1.0,0.0,2
FCN2,1.0,0.0,2
LCN1,1.0,0.0,2
SCGB1C1,1.0,0.0,2
SCT,1.0,0.0,2
APOA4,1.0,0.0,2
MUC5AC,1.0,0.0,2
DMBT1,1.0,0.0,2
IGF2,1.0,0.0,2
CCKBR,1.0,0.0,2
LTF,1.0,0.0,2
ATP13A4-AS1,1.0,0.0,2
AOC1,1.0,0.0,2
PRG2,1.0,0.0,2
MS4A3,1.0,0.0,2
TRBV30,1.0,0.0,2
XAGE2,1.0,0.0,2
CFAP157,1.0,0.0,2
WDR38,1.0,0.0,2
SPTSSB,1.0,0.0,2
ZMAT4,1.0,0.0,2
RBP2,1.0,0.0,2
CA1,1.0,0.0,2
PBK,1.0,0.0,2
CLDN18,1.0,0.0,2
CALB1,1.0,0.0,2
NOV,1.0,0.0,2
TRH,1.0,0.0,2
TG,1.0,0.0,2
MUC13,1.0,0.0,2
ITGB5,1.0,0.0,2
PSCA,1.0,0.0,2
CPB1,1.0,0.0,2
CP,1.0,0.0,2
DEFA3,1.0,0.0,2
PLP1,1.0,0.0,2
UPK1B,1.0,0.0,2
TRBV27,1.0,0.0,2
TRBV9,1.0,0.0,2
MS4A8,1.0,0.0,2
CCL26,1.0,0.0,2
CRH,1.0,0.0,2
MSMB,1.0,0.0,2
DKK1,1.0,0.0,2
HOXA7,1.0,0.0,2
GPR17,1.0,0.0,2
NPY,1.0,0.0,2
ALB,1.0,0.0,2
FAM25A,1.0,0.0,2
LIPF,1.0,0.0,2
CXCL6,1.0,0.0,2
ANKRD1,1.0,0.0,2
PNLDC1,1.0,0.0,2
DNTT,1.0,0.0,2
CRTAC1,1.0,0.0,2
CYP17A1,1.0,0.0,2
CFAP43,1.0,0.0,2
IL20RA,1.0,0.0,2
FDCSP,1.0,0.0,2
CCL24,1.0,0.0,2
TRBV7-3,1.0,0.0,2
PPP1R9A,1.0,0.0,2
TRBV4-2,1.0,0.0,2
MUC4,1.0,0.0,2
CPA4,1.0,0.0,2
ACY3,1.0,0.0,2
MYL1,1.0,0.0,2
LINC01510,1.0,0.0,2
ZDHHC19,1.0,0.0,2
C11orf97,1.0,0.0,2
ARHGAP42,1.0,0.0,2
MMP10,1.0,0.0,2
MMP1,1.0,0.0,2
TM4SF19,1.0,0.0,2
MMP12,1.0,0.0,2
MMP13,1.0,0.0,2
TEX12,1.0,0.0,2
AZGP1,1.0,0.0,2
CYTL1,1.0,0.0,2
EPDR1,1.0,0.0,2
MUC6,1.0,0.0,2
GKN1,1.0,0.0,2
ALOX15,1.0,0.0,2
CLCNKB,1.0,0.0,2
AURKB,1.0,0.0,2
GGT5,1.0,0.0,2
IGLC6,1.0,0.0,2
ALDH3A1,1.0,0.0,2
CCL8,1.0,0.0,2
CCL13,1.0,0.0,2
CCL15,1.0,0.0,2
IGLV3-9,1.0,0.0,2
IGLV2-11,1.0,0.0,2
IGLV2-14,1.0,0.0,2
IGLV3-19,1.0,0.0,2
IGLV3-21,1.0,0.0,2
IGLV2-23,1.0,0.0,2
IGLV3-25,1.0,0.0,2
IGLV1-40,1.0,0.0,2
IGLV1-44,1.0,0.0,2
IGLV5-45,1.0,0.0,2
IGLV1-47,1.0,0.0,2
TEKT1,1.0,0.0,2
SPNS2,1.0,0.0,2
IGLV1-51,1.0,0.0,2
FAM92B,1.0,0.0,2
IL20,1.0,0.0,2
CTSE,1.0,0.0,2
CFHR1,1.0,0.0,2
REG3A,1.0,0.0,2
ZG16,1.0,0.0,2
AHSP,1.0,0.0,2
IGKV6D-21,1.0,0.0,2
AC233755.2,1.0,0.0,2
CCL22,1.0,0.0,2
LAMC2,1.0,0.0,2
TFF1,1.0,0.0,2
CTRB2,1.0,0.0,2
TFF2,1.0,0.0,2
DYNLRB2,1.0,0.0,2
PCP4,1.0,0.0,2
ELANE,1.0,0.0,2
NECAB2,1.0,0.0,2
FMO2,1.0,0.0,2
PRDM16,1.0,0.0,2
APOA2,1.0,0.0,2
IGLV10-54,1.0,0.0,2
IGLV7-43,1.0,0.0,2
CNRIP1,1.0,0.0,2
BSND,1.0,0.0,2
SERPINB13,1.0,0.0,2
NCCRP1,1.0,0.0,2
LGALS7B,1.0,0.0,2
LGALS7,1.0,0.0,2
AVP,1.0,0.0,2
ERICH3,1.0,0.0,2
DNASE2B,1.0,0.0,2
HAMP,1.0,0.0,2
S100A1,1.0,0.0,2
CST2,1.0,0.0,2
CLCA4,1.0,0.0,2
SPRR2G,1.0,0.0,2
BPI,1.0,0.0,2
KLF1,1.0,0.0,2
SPRR1A,1.0,0.0,2
WFDC12,1.0,0.0,2
ANGPTL4,1.0,0.0,2
SELENBP1,1.0,0.0,2
CEACAM5,1.0,0.0,2
GRP,1.0,0.0,2
IGLV6-57,1.0,0.0,2
LDLRAD1,1.0,0.0,2
IGLV8-61,1.0,0.0,2
IGLV4-69,1.0,0.0,2
ATP1A2,1.0,0.0,2
TNNT1,1.0,0.0,2
HAS1,1.0,0.0,2
FAM183A,1.0,0.0,2
ITGB3,1.0,0.0,2
EPX,1.0,0.0,2
MPO,1.0,0.0,2
KLK11,1.0,0.0,2
KLK10,1.0,0.0,2
CD1B,1.0,0.0,2
PGLYRP1,1.0,0.0,2
CD1A,1.0,0.0,2
CD5L,1.0,0.0,2
BCAN,1.0,0.0,2
CKM,1.0,0.0,2
APOC2,1.0,0.0,2
CHST9,1.0,0.0,2
IGKV2-26,1.0,0.0,2
HSD3B2,1.0,0.0,2
IGHV3-33,1.0,0.0,2
IGHV1-24,1.0,0.0,2
IGLV2-18,1.0,0.0,2
IGKV1D-16,1.0,0.0,2
IGHV3-13,1.0,0.0,2
IGKV2-29,1.0,0.0,2
SLC25A21,1.0,0.0,2
IGHV1-18,1.0,0.0,2
IGHV3-20,1.0,0.0,2
IGHV3-21,1.0,0.0,2
IGHV3-23,1.0,0.0,2
IGHV3-30,1.0,0.0,2
IGHV3-48,1.0,0.0,2
NKX2-8,1.0,0.0,2
UMOD,1.0,0.0,2
IGHV4-31,1.0,0.0,2
CAPN14,1.0,0.0,2
TRBV19,1.0,0.0,2
IGHV4-34,1.0,0.0,2
IGHV3-43,1.0,0.0,2
IGHV4-39,1.0,0.0,2
IGKJ1,1.0,0.0,2
IGHV3-11,1.0,0.0,2
IGKV2-24,1.0,0.0,2
DLGAP5,1.0,0.0,2
IGKV2D-30,1.0,0.0,2
CHGA,1.0,0.0,2
IGLVI-70,1.0,0.0,2
CHRM3,1.0,0.0,2
DEFA6,1.0,0.0,2
STON2,1.0,0.0,2
IGKV1-33,1.0,0.0,2
CCL3L1,1.0,0.0,2
IGHV3-66,1.0,0.0,2
MUC2,1.0,0.0,2
PNLIP,1.0,0.0,2
KLK3,1.0,0.0,2
ACTA1,1.0,0.0,2
IGKV2D-24,1.0,0.0,2
MYCN,1.0,0.0,2
SYT16,1.0,0.0,2
IGHV6-1,1.0,0.0,2
IGHV4-4,1.0,0.0,2
DEFA5,1.0,0.0,2
IGHV2-5,1.0,0.0,2
IGHV1-46,1.0,0.0,2
IFNB1,1.0,0.0,2
VPREB1,1.0,0.0,2
IGKV1D-12,1.0,0.0,2
IGHV3-49,1.0,0.0,2
TRAV5,1.0,0.0,2
TRAV19,1.0,0.0,2
IGHV3-74,1.0,0.0,2
IGHV3-73,1.0,0.0,2
HBM,1.0,0.0,2
LAMB3,1.0,0.0,2
PGA5,1.0,0.0,2
RBPMS2,1.0,0.0,2
PAEP,1.0,0.0,2
IGHV3-72,1.0,0.0,2
IGHV4-59,1.0,0.0,2
IGKV1-27,1.0,0.0,2
GYPA,1.0,0.0,2
IGHV3-53,1.0,0.0,2
CCDC78,1.0,0.0,2
MT2A,0.9970000404307815,-0.0020619654,2
PRDX2,0.9958245382142972,-0.00184287,2
RTKN2,0.9943835241602516,-0.007964503,2
HSPA6,0.9922020163943605,-0.010431698,2
CH25H,0.9736692441281618,-0.031861823,2
LST1,0.9718412261495253,-0.018453002,2
H2AFZ,0.9666659667202082,-0.015687468,2
UROS,0.9555522885727055,-0.032883856,2
ERRFI1,0.9462679978355147,-0.09878195,2
TIMM13,0.9416859141450455,-0.033927035,2
RPL22L1,0.936159630168959,-0.0321967,2
IGKC,0.927379529228928,-0.055583447,2
S100A10,0.9108565614980417,-0.050770503,2
SCGB3A1,0.8960403095438034,-0.08372023,2
COTL1,0.8942688096238709,-0.053935938,2
PSMG1,0.8919662726811577,-0.14460114,2
TCTEX1D2,0.8831975650034727,-0.12266563,2
CDKN1C,0.8731358467861232,-0.22543018,2
RND1,0.872322321880577,-0.22543018,2
NCF2,0.8714931203356238,-0.22543018,2
TAGLN,0.8712131497302751,-0.22543018,2
CD79A,0.8712131497302751,-0.22543018,2
HIST1H2AG,0.8709313623160557,-0.22543018,2
IL1B,0.8697093911294755,-0.16484399,2
ACTA2,0.8694197146537104,-0.16484399,2
FAM210B,0.8612408038430308,-0.14460114,2
HVCN1,0.8348441207564876,-0.28488263,2
FOXO4,0.8348441207564876,-0.28488263,2
SPI1,0.8344872630266289,-0.28488263,2
PYCARD,0.8339723916205706,-0.09186163,2
CST3,0.8078948002483766,-0.14587267,2
STXBP2,0.8014393909789186,-0.1201151,2
IGLC3,0.7990612548497377,-0.342025,2
ACTB,0.7922658204264604,-0.69925225,2
IFITM3,0.7896110144244333,-0.13452825,2
MYOM2,0.7793651431786344,-0.3731265,2
CLDN5,0.7634312056099651,-0.39703172,2
ENG,0.7624312542821253,-0.39703172,2
LYN,0.761926566725342,-0.39703172,2
ARV1,0.7399357811456685,-0.31650987,2
WARS,0.7152013264265176,-0.34508497,2
TUBB4B,0.7072035115791434,-0.1721454,2
HSPD1,0.706007873869112,-0.20083903,2
IGLL5,0.6945869444827069,-0.5012433,2
TMEM14C,0.693914946023332,-0.18045096,2
CPPED1,0.6927042909467176,-0.5012433,2
JUNB,0.6877865832723089,-0.507486,2
TYMP,0.6772397025841226,-0.19122599,2
ADIRF,0.6622825474371283,-0.550712,2
CXCL2,0.6588739277207571,-0.550712,2
HIST1H2AC,0.654391587176669,-0.3481631,2
NME1,0.6463661177011932,-0.29751495,2
PCSK1N,0.6425397384752558,-0.59857696,2
IL32,0.6413922170998339,-0.40489516,2
GZMB,0.6361157726882878,-0.28989556,2
FXN,0.6337848973822028,-0.3221162,2
ENTPD1,0.6302061143268478,-0.59857696,2
BNIP3L,0.62792920997859,-0.23664431,2
FGL2,0.6258082145970212,-0.59857696,2
FGR,0.6258082145970212,-0.59857696,2
PAK1IP1,0.6190850254552647,-0.45424375,2
UBE2S,0.5994092671024303,-0.29751495,2
FABP4,0.5991717241458827,-0.4803399,2
ISG15,0.5978181810521083,-0.34036818,2
CD68,0.5935578581196376,-0.6449399,2
PTGDS,0.5935578581196376,-0.6449399,2
HLA-DQB1,0.577662811887682,-0.2392253,2
RNF130,0.5768304708385915,-0.4225639,2
FDX1,0.5686007706606236,-0.27586162,2
RECK,0.5613270921763924,-0.68989336,2
STMN1,0.5514773446179972,-0.33938938,2
AK1,0.5519202399789463,-0.5312153,2
HSD17B7,0.5506101408165824,-0.5312153,2
SCGB1A1,0.5480009460080089,-0.40796566,2
IGHM,0.5427028974233066,-0.7335215,2
TGFBI,0.5325554877283769,-0.7335215,2
CD8A,0.5160424489869377,-0.5204183,2
MT1E,0.5136589082701144,-0.48855442,2
SLC25A39,0.513902919065176,-0.29826894,2
CCR10,0.5076611027387432,-0.81710273,2
UROD,0.5048198881761722,-0.43556756,2
RAN,0.4949458063602705,-0.2525831,2
ATAD3A,0.47447853141212837,-0.81710273,2
TUBB,0.4711761394792049,-0.28427443,2
TPM1,0.4683057636998248,-0.6280978,2
TSC22D1,0.4528912494937881,-0.65137947,2
PTMS,0.4499927031539511,-0.65137947,2
CENPM,0.449759679682865,-0.8571908,2
HLA-DMB,0.4495053400655842,-0.65137947,2
CCL18,0.4495053400655842,-0.65137947,2
CRELD2,0.44509217873074103,-0.36382607,2
METAP2,0.42620478569805786,-0.37021798,2
RASD1,0.4182033250795909,-0.9342591,2
MNDA,0.41837152431734337,-0.8962246,2
TPSB2,0.40064481963625465,-0.9342591,2
NMB,0.39680821686909873,-0.7191538,2
UNG,0.37813149285657555,-0.7410893,2
LMO7,0.3702571532891953,-0.9713448,2
CSTA,0.36925584426017655,-0.9713448,2
SLC38A5,0.368250131866498,-0.9713448,2
CD79B,0.34384942687794895,-0.5917292,2
AP1S2,0.34359041062717344,-0.38465032,2
IRF7,0.3423552897335609,-0.54131657,2
PSAP,0.3362397648880804,-0.38577968,2
TPGS2,0.33204000195404326,-0.6040722,2
PCCB,0.32729066431929776,-1.0428541,2
GRN,0.32171457598728204,-0.561948,2
FOLR1,0.31749746610859036,-19.559175,2
OMG,0.31749746610859036,-19.559175,2
CST6,0.31749746610859036,-19.559175,2
TREM2,0.31749746610859036,-19.559175,2
TREML1,0.31749746610859036,-19.559175,2
AZU1,0.31749746610859036,-19.559175,2
CCL7,0.31749746610859036,-19.559175,2
MMP7,0.31749746610859036,-19.559175,2
LINC00304,0.31749746610859036,-19.559175,2
SPC25,0.31749746610859036,-19.559175,2
C11orf88,0.31749746610859036,-19.559175,2
SLC38A11,0.31749746610859036,-19.559175,2
ZMYND15,0.31749746610859036,-19.559175,2
MS4A2,0.31749746610859036,-19.559175,2
IGLV2-8,0.31749746610859036,-19.559175,2
CFB,0.31749746610859036,-19.559175,2
FCGR2B,0.31749746610859036,-19.559175,2
CHL1,0.31749746610859036,-19.559175,2
CXCL13,0.31749746610859036,-20.559732,2
EFHB,0.31749746610859036,-19.559175,2
CXCL11,0.31749746610859036,-19.559175,2
PRSS57,0.31749746610859036,-19.559175,2
KRT23,0.31749746610859036,-19.559175,2
SAA2,0.31749746610859036,-19.559175,2
HBD,0.31749746610859036,-19.559175,2
DRD4,0.31749746610859036,-19.559175,2
PACRG,0.31749746610859036,-19.559175,2
LRRC26,0.31749746610859036,-19.559175,2
CXCL5,0.31749746610859036,-19.559175,2
GALNT5,0.31749746610859036,-19.559175,2
CETP,0.31749746610859036,-19.559175,2
RND3,0.31749746610859036,-19.559175,2
KITLG,0.31749746610859036,-19.559175,2
IGHG2,0.31749746610859036,-19.559175,2
IGKV1-5,0.31749746610859036,-19.559175,2
TRBV4-1,0.31749746610859036,-19.559175,2
IGHA2,0.31749746610859036,-19.559175,2
NXPH4,0.31749746610859036,-19.559175,2
MEG3,0.31749746610859036,-19.559175,2
ORM1,0.31749746610859036,-19.559175,2
DPEP3,0.31749746610859036,-19.559175,2
GPX2,0.31749746610859036,-19.559175,2
CDC20B,0.31749746610859036,-19.559175,2
ATP12A,0.31749746610859036,-19.559175,2
EPCAM,0.31749746610859036,-19.559175,2
TRAV12-3,0.31749746610859036,-19.559175,2
RNASE2,0.31749746610859036,-19.559175,2
CDC42BPA,0.31749746610859036,-19.559175,2
IGHV3-7,0.31749746610859036,-19.559175,2
IGKV3-15,0.31749746610859036,-19.559175,2
IGKV1-17,0.31749746610859036,-19.559175,2
AQP5,0.31749746610859036,-19.559175,2
GPRC5A,0.31749746610859036,-19.559175,2
TXNDC5,0.31749746610859036,-19.559175,2
IGKV2D-29,0.31749746610859036,-19.559175,2
HDC,0.31749746610859036,-19.559175,2
CEMIP,0.31749746610859036,-19.559175,2
MSLN,0.31749746610859036,-19.559175,2
FAM178B,0.31749746610859036,-19.559175,2
BANK1,0.31749746610859036,-19.559175,2
CKAP2L,0.31749746610859036,-19.559175,2
CCDC74A,0.31749746610859036,-19.559175,2
MT1H,0.31749746610859036,-19.559175,2
OLFM1,0.31749746610859036,-19.559175,2
CAMP,0.31749746610859036,-19.559175,2
FAM216B,0.31749746610859036,-19.559175,2
TRBV7-2,0.31749746610859036,-19.559175,2
SERPINB5,0.31749746610859036,-19.559175,2
FGFBP1,0.31749746610859036,-19.559175,2
SLC6A14,0.31749746610859036,-19.559175,2
CLNK,0.31749746610859036,-19.559175,2
C1orf189,0.31749746610859036,-19.559175,2
CRCT1,0.31749746610859036,-19.559175,2
TMEM56,0.31749746610859036,-19.559175,2
STC1,0.31749746610859036,-19.559175,2
PI3,0.31749746610859036,-19.559175,2
CD72,0.31749746610859036,-19.559175,2
TRBV24-1,0.31749746610859036,-19.559175,2
CCDC151,0.31749746610859036,-19.559175,2
CEACAM6,0.31749746610859036,-19.559175,2
FAM129C,0.31749746610859036,-19.559175,2
LY6H,0.31749746610859036,-19.559175,2
LYPD2,0.31749746610859036,-20.559732,2
TRBV6-5,0.31749746610859036,-19.559175,2
AXL,0.31749746610859036,-19.559175,2
CYP2F1,0.31749746610859036,-19.559175,2
SERPINB3,0.31749746610859036,-19.559175,2
CLC,0.31749746610859036,-19.559175,2
STAR,0.31749746610859036,-19.559175,2
LMTK3,0.31749746610859036,-19.559175,2
SIRPD,0.31749746610859036,-19.559175,2
GFI1B,0.31749746610859036,-19.559175,2
TFPI2,0.31749746610859036,-19.559175,2
KIF18B,0.31749746610859036,-19.559175,2
ARHGAP6,0.31749746610859036,-19.559175,2
LILRA4,0.31749746610859036,-19.559175,2
SUGCT,0.31749746610859036,-19.559175,2
CACNG8,0.31749746610859036,-19.559175,2
F3,0.31749746610859036,-19.559175,2
MAOB,0.31749746610859036,-19.559175,2
CA3,0.31749746610859036,-19.559175,2
SDC2,0.31749746610859036,-19.559175,2
TMEM190,0.31749746610859036,-19.559175,2
GDF15,0.31749746610859036,-19.559175,2
MYL4,0.31749746610859036,-19.559175,2
TNNC1,0.31749746610859036,-19.559175,2
CA8,0.31749746610859036,-19.559175,2
SPAG17,0.31749746610859036,-19.559175,2
DEPDC1,0.31749746610859036,-19.559175,2
SDR16C5,0.31749746610859036,-19.559175,2
CD1E,0.31749746610859036,-19.559175,2
CYGB,0.31749746610859036,-19.559175,2
KLK2,0.31749746610859036,-19.559175,2
CD177,0.31749746610859025,-22.146923,2
NME4,0.3188918369122057,-0.6163199,2
UBAC1,0.3075026274604561,-0.82579964,2
HNRNPAB,0.304750356403418,-0.4799013,2
NPC2,0.3035787167529217,-0.37354317,2
DCAF12,0.30186275666429624,-1.0773615,2
RRM2,0.2891233208670209,-23.65556,2
CTSS,0.2863530278204688,-0.44000417,2
GNLY,0.28170858176836616,-0.6653303,2
IL17A,0.26445017027478834,-22.733559,2
IFI6,0.2645002525072656,-0.5461656,2
VCAN,0.2620532728958871,-1.1440701,2
GSTP1,0.25505147262444483,-0.4564101,2
VIM,0.25366953725753455,-0.89572257,2
SLPI,0.2503395481594009,-1.1763394,2
CCL3,0.24239245698486428,-0.91595155,2
NCOA7,0.23067171203165843,-0.69366056,2
ECI2,0.22920113925889618,-0.66134304,2
PRKAR2B,0.22538992838288233,-21.883331,2
HBB,0.2099785095083494,-1.0183227,2
GTSE1,0.20602583871367544,-21.560846,2
TYMS,0.2032122056580313,-23.738579,2
HSBP1,0.20384101687015632,-0.6052787,2
SOD2,0.20327493323153922,-0.49365097,2
SOX4,0.1979061893208144,-1.6159481,2
FCER1G,0.18794325930815778,-0.8175652,2
APLP2,0.18675292382041414,-0.77857786,2
FCGR3A,0.18410889195676383,-1.3280052,2
MKI67,0.17981336038064202,-23.473871,2
TUBA1B,0.18279522472963403,-0.5195468,2
CCT6A,0.175645135836191,-0.56461155,2
PMCH,0.16560582918867878,-21.883331,2
SERBP1,0.16927047587841995,-0.4776622,2
FCN1,0.16578386571705842,-1.3280052,2
MKRN1,0.16183927054839792,-0.59045506,2
TRBV14,0.15737936163817182,-22.146923,2
RHCE,0.1573793616381717,-20.559732,2
ZMYND10,0.1573793616381717,-20.559732,2
CCDC17,0.1573793616381717,-20.559732,2
TSPAN1,0.1573793616381717,-20.559732,2
LGALSL,0.1573793616381717,-20.559732,2
MME,0.1573793616381717,-20.559732,2
SFN,0.1573793616381717,-20.559732,2
CD1C,0.1573793616381717,-20.559732,2
CENPA,0.1573793616381717,-20.559732,2
DDR2,0.1573793616381717,-20.559732,2
SORT1,0.1573793616381717,-20.559732,2
CYP4B1,0.1573793616381717,-20.559732,2
IGKV1-39,0.1573793616381717,-20.559732,2
SPRR1B,0.1573793616381717,-20.559732,2
TNFAIP6,0.1573793616381717,-20.559732,2
MMRN1,0.1573793616381717,-20.559732,2
IGKV1-12,0.1573793616381717,-20.559732,2
MALL,0.1573793616381717,-20.559732,2
IL1R2,0.1573793616381717,-20.559732,2
ROPN1L,0.1573793616381717,-20.559732,2
PFKFB2,0.1573793616381717,-20.559732,2
C4BPA,0.1573793616381717,-20.559732,2
ACPP,0.1573793616381717,-20.559732,2
WDR17,0.1573793616381717,-20.559732,2
FCGR3B,0.1573793616381717,-20.559732,2
AC008268.1,0.1573793616381717,-20.559732,2
HSD17B6,0.1573793616381717,-20.559732,2
CMTM2,0.1573793616381717,-20.559732,2
HIST1H2AM,0.1573793616381717,-20.559732,2
TRBV5-1,0.1573793616381717,-20.559732,2
PLD4,0.1573793616381717,-20.559732,2
NKX2-1,0.1573793616381717,-20.559732,2
STXBP6,0.1573793616381717,-20.559732,2
TRBV3-1,0.1573793616381717,-20.559732,2
CTSG,0.1573793616381717,-20.559732,2
ARG1,0.1573793616381717,-20.559732,2
KRT6C,0.1573793616381717,-20.559732,2
CLEC9A,0.1573793616381717,-20.559732,2
CCDC170,0.1573793616381717,-20.559732,2
CDK1,0.1573793616381717,-20.559732,2
SFTA1P,0.1573793616381717,-20.559732,2
AKR1C2,0.1573793616381717,-20.559732,2
POU2AF1,0.1573793616381717,-20.559732,2
FOLR2,0.1573793616381717,-20.559732,2
PAPPA,0.1573793616381717,-20.559732,2
ORM2,0.1573793616381717,-20.559732,2
ENHO,0.1573793616381717,-20.559732,2
LY6D,0.1573793616381717,-20.559732,2
UPK3B,0.1573793616381717,-20.559732,2
CD19,0.1573793616381717,-20.559732,2
LY6G6F,0.1573793616381717,-20.559732,2
RRAD,0.1573793616381717,-20.559732,2
GNAZ,0.1573793616381717,-20.559732,2
CXCL14,0.1573793616381717,-20.559732,2
SIGLEC10,0.1573793616381717,-20.559732,2
KLK12,0.1573793616381717,-20.559732,2
IGLV3-1,0.1573793616381717,-20.559732,2
FCGBP,0.1573793616381717,-20.559732,2
PPP1R14A,0.1573793616381717,-20.559732,2
CD22,0.1573793616381717,-20.559732,2
PLIN5,0.1573793616381717,-20.559732,2
EBI3,0.1573793616381717,-20.559732,2
ZNF556,0.1573793616381717,-20.559732,2
JSRP1,0.1573793616381717,-20.559732,2
KRT17,0.1573793616381717,-20.559732,2
CLEC10A,0.1573793616381717,-20.559732,2
IGLL1,0.1573793616381717,-20.559732,2
LAMP5,0.1573793616381717,-20.559732,2
SSR4,0.15432599966875032,-0.443746,2
SUB1,0.15294939388809659,-0.4870732,2
TK1,0.14435932805285936,-23.738579,2
KLF4,0.14223764191332786,-1.4121498,2
SAT1,0.13759275803038623,-0.8091918,2
TFDP1,0.13600961785463403,-0.8644156,2
CCNB2,0.13172220929235845,-21.883331,2
CLIC3,0.13397774077596564,-1.4121498,2
KLF10,0.1281398920430334,-1.1243104,2
IL22,0.110509220998976,-24.03032,2
ASPM,0.1083222908327078,-22.369873,2
MYBL2,0.1083222908327078,-22.369873,2
METTL13,0.10900026009068974,-1.4657391,2
IGHV1-3,0.10249247631510697,-21.560846,2
BIRC5,0.10249247631510697,-21.560846,2
CMTM5,0.10249247631510697,-21.560846,2
FABP3,0.10249247631510697,-21.560846,2
JUN,0.1011043075427275,-1.8814316,2
HMGB1,0.09653362763081355,-0.59204453,2
CTSZ,0.09509453001602501,-1.5174874,2
SLIRP,0.09403164244471811,-0.8605446,2
RNF145,0.08934100564758739,-0.85757697,2
AGR3,0.08326442451338066,-21.14525,2
GP9,0.08326442451338066,-21.14525,2
PYCR1,0.08326442451338066,-21.14525,2
FCRL5,0.08326442451338066,-21.14525,2
FGG,0.08326442451338066,-21.14525,2
KRT16,0.08326442451338066,-21.14525,2
RASSF6,0.08326442451338066,-21.14525,2
IGHG4,0.08326442451338066,-21.14525,2
ACRBP,0.08326442451338066,-21.14525,2
LCN2,0.08326442451338066,-21.14525,2
FAM177B,0.08326442451338066,-21.14525,2
PBX1,0.08326442451338066,-21.14525,2
CFAP53,0.08326442451338066,-21.14525,2
CCDC13,0.08326442451338066,-21.14525,2
CCL17,0.08326442451338066,-21.14525,2
EMCN,0.08326442451338066,-21.14525,2
MUC21,0.08326442451338066,-21.14525,2
FAM111B,0.08326442451338066,-21.14525,2
TMEM40,0.08326442451338066,-21.14525,2
PLK1,0.08326442451338066,-21.14525,2
CHIT1,0.08326442451338066,-21.14525,2
C16orf89,0.08326442451338066,-21.14525,2
IGFBP2,0.08326442451338066,-21.14525,2
CD34,0.08326442451338066,-21.14525,2
BGLAP,0.08326442451338066,-21.14525,2
GPBAR1,0.08326442451338066,-21.14525,2
SERPINB2,0.08326442451338066,-21.14525,2
S100P,0.08326442451338066,-21.14525,2
BCL11A,0.08326442451338066,-21.14525,2
PKIB,0.08326442451338066,-21.14525,2
KRT7,0.08326442451338066,-21.14525,2
BLK,0.08326442451338066,-21.14525,2
PDZK1IP1,0.08326442451338066,-21.14525,2
SNCG,0.08326442451338066,-21.14525,2
TIMD4,0.08326442451338066,-21.14525,2
BASP1,0.08326442451338066,-21.14525,2
GKN2,0.08326442451338066,-21.14525,2
GJB6,0.08326442451338066,-21.14525,2
AKR1C1,0.08326442451338066,-21.14525,2
TOP2A,0.08326442451338052,-22.146923,2
TPX2,0.08326442451338052,-22.146923,2
NRGN,0.08266146127392093,-24.576479,2
NUP214,0.08459911142601251,-1.5427107,2
FTL,0.07987506887973106,-1.3160063,2
GLRX5,0.06953524087602268,-0.92778736,2
TMEM14B,0.06942293592214746,-0.670386,2
DKC1,0.06792710670328923,-1.1144817,2
PA2G4,0.0682898366085684,-0.74598914,2
UBE2C,0.058753697673288786,-21.883331,2
BPIFB1,0.058753697673288786,-21.883331,2
PTCRA,0.058753697673288786,-21.883331,2
CDC20,0.05775045155182644,-22.146923,2
CTTN,0.05216855435561526,-22.369873,2
CD8B,0.05095783892904019,-1.4501234,2
CCR7,0.051760394475589604,-0.9336365,2
RBP7,0.04545842283379166,-21.560846,2
TGFA,0.04545842283379166,-21.560846,2
CXCL10,0.04545842283379166,-21.560846,2
HMOX1,0.04545842283379166,-21.560846,2
CYP1B1,0.04545842283379166,-21.560846,2
C2orf40,0.04545842283379166,-21.560846,2
LAMP3,0.04545842283379166,-21.560846,2
CAV2,0.04545842283379166,-21.560846,2
TNC,0.04545842283379166,-21.560846,2
ITGA2B,0.04545842283379166,-21.560846,2
CLDN4,0.04545842283379166,-21.560846,2
GATA2,0.04545842283379166,-21.560846,2
MAL2,0.04545842283379166,-21.560846,2
C19orf33,0.04545842283379166,-21.560846,2
CSF1R,0.04545842283379166,-21.560846,2
DAB2,0.04545842283379166,-21.560846,2
PEBP4,0.04545842283379166,-21.560846,2
CHI3L1,0.04545842283379166,-21.560846,2
PLPP2,0.04545842283379166,-21.560846,2
VSIG1,0.047138646220381594,-1.6858042,2
RGL4,0.04612730215886142,-1.0794106,2
TUBB1,0.03954449658394473,-23.150269,2
CCT2,0.042444990931684225,-0.8511598,2
PRR4,0.03930869589974976,-1.7306491,2
RHD,0.03384303933687527,-22.146923,2
CD24,0.03384303933687527,-22.146923,2
TNFRSF13B,0.03384303933687527,-22.146923,2
KIF2C,0.03384303933687527,-22.146923,2
PRSS27,0.03384303933687527,-22.146923,2
PCBP3,0.03384303933687527,-22.146923,2
SAA1,0.03384303933687527,-22.146923,2
BLVRB,0.03619867149963622,-1.7525847,2
BRI3,0.03545078332235556,-1.1245676,2
FHL2,0.03245665658093067,-22.563076,2
SLC25A37,0.03263863262875319,-1.4310473,2
PTPRE,0.03214125532420662,-1.4310473,2
SOCS2,0.02848497558650043,-1.4586492,2
IL1RL1,0.025290624918883266,-21.883331,2
VPREB3,0.025290624918883266,-21.883331,2
CCL23,0.025290624918883266,-21.883331,2
FCRLA,0.025290624918883266,-21.883331,2
HIST1H2BJ,0.025290624918883266,-21.883331,2
DNAAF1,0.025290624918883266,-21.883331,2
ADD2,0.025290624918883266,-21.883331,2
FCRL2,0.025290624918883266,-21.883331,2
DMC1,0.025290624918883266,-21.883331,2
LMO2,0.025290624918883266,-21.883331,2
CD302,0.025290624918883266,-21.883331,2
TBC1D16,0.025290624918883266,-21.883331,2
SFTPD,0.025290624918883266,-21.883331,2
ANXA3,0.025290624918883266,-21.883331,2
ENPP2,0.025290624918883266,-21.883331,2
GNAI1,0.025290624918883266,-21.883331,2
E2F5,0.025290624918883266,-21.883331,2
SPAG4,0.025290624918883266,-21.883331,2
MMP9,0.025290624918883266,-21.883331,2
HMMR,0.025290624918883266,-21.883331,2
KCNH2,0.025290624918883266,-21.883331,2
TBXA2R,0.025290624918883266,-21.883331,2
LRRC25,0.025290624918883266,-21.883331,2
PEG10,0.025290624918883266,-21.883331,2
SFTA3,0.025290624918883266,-21.883331,2
TWISTNB,0.026667153599140785,-1.4722703,2
NCL,0.02500816257336124,-0.69920385,2
TACSTD2,0.02007888041685379,-22.733559,2
CCNA2,0.019572774636192124,-22.369873,2
CCNB1,0.019572774636192124,-22.369873,2
LIMS1,0.02114752434484463,-0.9563874,2
CPVL,0.01796836515267428,-24.70744,2
PTMA,0.017329770711890374,-2.9328878,2
PASK,0.016191438128737967,-1.0086563,2
ADAM23,0.014249410249035447,-22.146923,2
TCF4,0.014249410249035447,-22.146923,2
RBP4,0.014249410249035447,-22.146923,2
SPIB,0.014249410249035447,-22.146923,2
AKAP12,0.014249410249035447,-22.146923,2
TSPAN13,0.014249410249035447,-22.146923,2
CCND1,0.014249410249035447,-22.146923,2
FPR1,0.014249410249035447,-22.146923,2
IGF1,0.014249410249035447,-22.146923,2
KRT19,0.014249410249035447,-22.146923,2
EDN1,0.014249410249035447,-22.146923,2
TNFRSF9,0.014249410249035447,-23.150269,2
BEX1,0.014249410249035447,-22.146923,2
CX3CR1,0.014249410249035447,-22.146923,2
CLSPN,0.0124997096713369,-22.733559,2
NUF2,0.011357935376511535,-22.563076,2
CCNE1,0.011357935376511535,-22.563076,2
FOXJ1,0.011357935376511535,-22.563076,2
ZFP36L1,0.01264924142788365,-0.7791395,2
ARC,0.009392627992119023,-23.567537,2
CA2,0.00927102876408891,-23.266304,2
HNRNPA1,0.011108924146360175,-1.8321532,2
HES1,0.009007254337441574,-23.81714,2
PCNA,0.009970448560700432,-1.5151352,2
MUC20,0.008101679834056762,-22.369873,2
SGCE,0.008101679834056762,-22.369873,2
LEPR,0.008101679834056762,-22.369873,2
HCK,0.008101679834056762,-22.369873,2
PTPRS,0.008101679834056762,-22.369873,2
TCL1A,0.008101679834056762,-22.369873,2
CPNE5,0.008101679834056762,-22.369873,2
F13A1,0.008101679834056762,-22.369873,2
CMTM8,0.009116660182777918,-1.6394016,2
CDKN3,0.007584642873288193,-23.02418,2
UTS2,0.007584642873288193,-23.02418,2
REXO2,0.009114101693861065,-1.1539527,2
CHI3L2,0.0071601076833777075,-2.0840755,2
PPBP,0.005790028417056059,-25.925337,2
ISOC2,0.006224212750001712,-2.066439,2
PF4,0.004871681237635105,-24.216421,2
TFR2,0.004637816248507004,-22.563076,2
EPS8L1,0.004637816248507004,-22.563076,2
CKB,0.004637816248507004,-22.563076,2
IGHG1,0.004637816248507004,-22.563076,2
MARCH1,0.004637816248507004,-22.563076,2
KRT6A,0.004637816248507004,-22.563076,2
NMNAT3,0.004637816248507004,-22.563076,2
CXCL17,0.004637816248507004,-22.563076,2
VMO1,0.004637816248507004,-22.563076,2
GYPC,0.005476670996720967,-0.890045,2
FBLN5,0.004391605474063109,-2.1187544,2
HMGA1,0.004140441759637164,-1.1308354,2
LILRB2,0.0026690097576392256,-22.733559,2
CTGF,0.0026690097576392256,-22.733559,2
GAS6,0.0026690097576392256,-22.733559,2
CD33,0.0026690097576392256,-22.733559,2
IGHG3,0.0026690097576392256,-22.733559,2
TKT,0.0031340751713193893,-1.0784502,2
FSCN1,0.0015928667842525232,-23.266304,2
EGR1,0.0021106839733052015,-1.5923071,2
KRT8,0.001542465685072489,-22.886118,2
PILRA,0.001542465685072489,-22.886118,2
S100A2,0.001542465685072489,-22.886118,2
KRT1,0.00147381165370143,-24.03032,2
TRAP1,0.0017370460492145575,-2.2501748,2
PAICS,0.0015670762634922536,-2.2501748,2
FCN3,0.0010448258653705158,-23.473871,2
IFIT2,0.0008971632750221532,-25.57113,2
MEF2C,0.0008944662813854138,-23.02418,2
CD93,0.0008944662813854138,-23.02418,2
APOBEC3A,0.0008944662813854138,-23.02418,2
EMP2,0.0008944662813854138,-23.02418,2
AIF1,0.0011150237475409596,-1.4610428,2
SLC40A1,0.0010113790796215838,-1.9287618,2
MT1F,0.0008851476867069726,-1.9287618,2
TMEM176B,0.0005665448753569393,-23.473871,2
ABCA3,0.0005201556711845825,-23.150269,2
SNCA,0.0005201556711845825,-23.150269,2
CXCL1,0.0005201556711845825,-23.150269,2
CMBL,0.0005201556711845825,-23.150269,2
PLBD1,0.0005201556711845825,-23.150269,2
IER5,0.0007487770950142962,-1.6285441,2
CHST2,0.00045440335513638745,-23.373777,2
LGALS2,0.00045440335513638756,-23.373777,2
S100B,0.0004404594911537018,-24.902884,2
CD160,0.00040825930877192714,-23.81714,2
IFIT3,0.0003459731930498589,-24.216421,2
CD300E,0.00030319338671940243,-23.266304,2
PARD6B,0.00030319338671940243,-23.266304,2
EGFL7,0.0002671118483248776,-23.473871,2
TCF7L2,0.0002671118483248776,-23.473871,2
SELL,0.0004086367548443905,-1.8554589,2
MS4A7,0.00017707666371002156,-23.373777,2
SLC7A7,0.00017707666371002156,-23.373777,2
CD52,0.00033577367632994624,-3.1917484,2
HBA1,0.00015716721570013074,-23.567537,2
CNKSR2,0.00015716721570013074,-23.567537,2
CAV1,0.0001568652591105132,-23.962646,2
TPPP3,0.00010359230701096383,-23.473871,2
RGS18,7.14045626712421e-05,-23.81714,2
CCDC144A,6.068916522257144e-05,-23.567537,2
MGST1,6.068916522257144e-05,-23.567537,2
KCTD12,5.4542356569905594e-05,-23.738579,2
ACTG1,9.428435194501743e-05,-2.9475172,2
YBX1,0.00011306223161579032,-1.5883182,2
CD36,4.252054187990465e-05,-23.891699,2
HEMGN,3.439474723571058e-05,-24.095009,2
MARCO,2.0902082585103917e-05,-23.738579,2
MPEG1,2.0902082585103917e-05,-23.738579,2
ZWINT,1.948407073990438e-05,-24.530115,2
NEAT1,3.360972915114937e-05,-1.6285049,2
VSIG4,1.5069178825647193e-05,-24.03032,2
RALGPS2,1.5069178825647193e-05,-24.03032,2
CLEC7A,1.2284184039059333e-05,-23.81714,2
MZB1,1.2284184039059333e-05,-23.81714,2
SCGB3A2,1.1200448262292427e-05,-23.962646,2
FBLN1,1.1046371060822834e-05,-24.15697,2
DUT,1.94518193405766e-05,-1.4010774,2
CES1,7.22502695441691e-06,-23.891699,2
KLRF1,7.22502695441691e-06,-23.891699,2
PHACTR1,7.22502695441691e-06,-23.891699,2
HIST1H4C,1.1651987307545844e-05,-1.6178582,2
COL1A2,3.906713951916124e-06,-24.095009,2
JUND,8.402478465610126e-06,-1.5625994,2
RFESD,1.4753647234328172e-06,-24.095009,2
CYBB,1.4753647234328172e-06,-24.095009,2
FGFBP2,1.3641994267079235e-06,-24.216421,2
MAFB,8.69614735132445e-07,-24.15697,2
HOXB2,1.4984137471886261e-06,-2.8566458,2
S100A8,1.8277492550280575e-06,-2.1480823,2
PTCH2,3.024271842896213e-07,-24.273563,2
MS4A6A,6.21336735375192e-08,-24.432781,2
CXCL3,2.1648711692232258e-08,-24.530115,2
FOSB,1.242045807907186e-07,-2.3368497,2
S100A12,4.213728754481797e-09,-24.74864,2
SLC2A1,1.0453565255041493e-09,-24.974392,2
PLAC8,1.4068052036297045e-08,-1.9701564,2
HMBS,5.408318723219653e-10,-24.827763,2
MCM7,4.762500689667497e-11,-26.149889,2
NPM1,3.301331806154474e-09,-3.0645585,2
HBA2,1.6729185876135508e-11,-25.31616,2
S100A9,5.289116011798685e-12,-2.512234,2
LYZ,5.921168168090593e-13,-2.7423866,2
PTP4A3,5.955843490036864e-17,-25.768833,2
IER2,5.08550697714847e-15,-2.8816102,2
PPP1R14B,2.8567467263279516e-18,-26.46864,2
LTB,4.9702542742341956e-17,-6.361055,2
CXCR4,2.4123097556678244e-18,21.335892,3
SRGN,2.747808044386344e-05,4.349443,3
MTRNR2L12,0.00040708664700994716,1.918745,3
HERPUD1,0.0004090248496568264,1.6457087,3
HSPA1B,0.0011256292983043014,3.2855253,3
RGS1,0.0012502712406888721,3.3792045,3
HSP90AA1,0.0017626164827527764,4.95378,3
IGKC,0.007612293174016503,1.8849277,3
DUSP1,0.011032379957898327,2.7578797,3
C1QA,0.013624358962490476,1.9019972,3
DUSP2,0.014038427981467174,1.5633421,3
CST7,0.024384474359343867,1.1450806,3
ZFAND2A,0.028915319728167063,1.287602,3
ZFP36,0.03156309067196183,2.2409766,3
ID2,0.03329793011743745,1.630801,3
NFKBIA,0.045221206059735786,1.739492,3
HMGB2,0.04741038462673409,1.3476294,3
BATF,0.05594578162110116,1.1747503,3
FBLN1,0.06458961903527533,2.50763,3
SFTPB,0.08361661173386901,1.2018754,3
DCN,0.083855646793821,1.9957403,3
PTGDS,0.09765153912288123,1.9431782,3
CCL4,0.09837645678944888,1.7925159,3
MGP,0.12006265548751399,1.4220581,3
RGS2,0.14803833710621347,0.85900795,3
HSPE1,0.15645132959751992,0.774926,3
SPON2,0.15705080988030876,1.1067972,3
ENTPD1,0.15975235463298834,1.9962041,3
MGST1,0.16977384428295925,2.297979,3
CXCL3,0.17313625864302157,1.6625007,3
CEBPD,0.1739932500433844,1.3682735,3
GZMB,0.1760937555440134,0.99117076,3
CKS2,0.1767797711722027,1.1872925,3
TNFAIP2,0.1785501876474174,2.1905065,3
DAB2,0.1800248231610488,4.4078712,3
TNC,0.1800248231610488,4.4078712,3
HLA-DRB1,0.18018585107965512,0.680076,3
LUM,0.1876613949401227,2.090413,3
MMP9,0.19129388667336927,3.8223524,3
IGFBP7,0.19870258724357834,0.9653607,3
KRT19,0.20307368268098203,3.406758,3
HLA-DQB1,0.20376466729488604,0.62523216,3
IGHA1,0.20495898826641112,1.2169048,3
RASD1,0.21439442032131714,2.2124164,3
ALOX5AP,0.21729895364718674,0.484929,3
NMB,0.21921135353318627,1.2863744,3
TUBB4B,0.2206277230937808,0.666928,3
CTSL,0.22290317295030126,1.2559389,3
CCL2,0.22858566350442652,1.747145,3
COL1A2,0.2387630929089156,1.6725864,3
NNMT,0.23910959121781472,1.6725864,3
ZEB2,0.23960389751792774,0.9209903,3
IGHG3,0.2415588785919955,2.5977325,3
IGLL5,0.2611600643913583,1.717507,3
C1QB,0.2714595714648696,0.8725669,3
G0S2,0.27312852628101975,1.1633126,3
CFD,0.2785391802823395,0.85154116,3
AGR2,0.28489315747099153,2.0814877,3
EPOR,0.2854933213983677,1.4073194,3
CLU,0.29102616144881777,0.52438927,3
KRT13,0.29470009066791314,2.2573695,3
FN1,0.29477598950096684,1.0881933,3
TPM2,0.29854209513508273,1.3478674,3
FSCN1,0.3014973742907129,1.9434268,3
TGFBI,0.30449165831469066,1.4609573,3
NDC80,0.3119627912918375,1.2907255,3
TUBA1C,0.31600695428733194,0.5536413,3
THBS1,0.3165266999461315,1.8173386,3
TPSB2,0.31706556883916354,1.6173382,3
APOD,0.31759163225466597,1.8173386,3
CD1E,0.32126093973605974,23.954807,3
FAM216B,0.32126093973605974,23.954807,3
CKAP2L,0.32126093973605974,23.954807,3
MS4A2,0.32126093973605974,23.954807,3
SUGCT,0.32126093973605974,23.954807,3
IGKV1-17,0.32126093973605974,23.954807,3
IGKV3-15,0.32126093973605974,23.954807,3
LINC00304,0.32126093973605974,23.954807,3
SFTPA2,0.3241915834957694,0.68398553,3
ADAM19,0.32638822595721095,0.6230926,3
IFNG,0.33488137937603923,1.2760729,3
CXCL2,0.33883934606527766,1.1826931,3
NUSAP1,0.34027031226858384,1.1826931,3
IL1B,0.34171483706597405,0.94845134,3
RHCE,0.34530363076373993,4.3967457,3
SPRR1B,0.34530363076373993,4.3967457,3
KLK12,0.34530363076373993,4.3967457,3
TRBV3-1,0.34530363076373993,4.3967457,3
SORT1,0.34530363076373993,4.3967457,3
TRBV5-1,0.34530363076373993,4.3967457,3
CYP4B1,0.34530363076373993,4.3967457,3
HSD17B6,0.34530363076373993,4.3967457,3
KRT17,0.34530363076373993,4.3967457,3
CCL18,0.34736380481665796,0.80132306,3
LMNA,0.3520675058891378,0.69274,3
LDLR,0.35632361611199537,0.6930118,3
JCHAIN,0.3627171750943423,0.7773031,3
CD24,0.3699090717677306,3.406758,3
SAA1,0.3699090717677306,3.406758,3
HLA-DRB5,0.36948207783449494,0.4480815,3
DPYSL3,0.3704356223602715,3.3961897,3
KRT16,0.3704356223602715,3.3961897,3
GPBAR1,0.3704356223602715,3.3961897,3
AQP4,0.3704356223602715,3.3961897,3
MARCO,0.386381946961027,1.4000708,3
FOXJ1,0.39586275910658675,2.8206818,3
CXCL10,0.3966426947336691,2.8106709,3
PLPP2,0.3966426947336691,2.8106709,3
SFTPA1,0.40616726093260735,0.6521621,3
SERPINA1,0.4198109367865589,0.760667,3
ENPP2,0.42390488713556784,2.3950768,3
IL1RL1,0.42390488713556784,2.3950768,3
SMPD3,0.42390488713556784,2.3950768,3
CCL23,0.42390488713556784,2.3950768,3
SFTPD,0.42390488713556784,2.3950768,3
GNAI1,0.42390488713556784,2.3950768,3
ANXA3,0.42390488713556784,2.3950768,3
CCNB2,0.42693824823058346,2.3950768,3
CSF1,0.4293313331384371,0.8992324,3
SPRR3,0.4449153004032661,1.1504698,3
IGF1,0.45219644562083294,2.0725918,3
CENPU,0.45219644562083294,2.0725918,3
TSPAN13,0.45219644562083294,2.0725918,3
PIGR,0.45219644562083294,2.0725918,3
EDN1,0.45219644562083294,2.0725918,3
MRC1,0.45318751350624775,2.0725918,3
TNFRSF12A,0.46626520756224554,1.0759112,3
AKR1C3,0.4814858265629882,1.8090004,3
WFDC2,0.4814858265629882,1.8090004,3
F13A1,0.4814858265629882,1.8090004,3
TRAV13-2,0.48244625145618303,1.8090004,3
MARCKS,0.48244625145618303,1.8090004,3
CEBPB,0.48287668254382,0.29171723,3
CTTN,0.4843519287470509,1.8090004,3
GZMA,0.4860670053865682,0.32760158,3
ASPM,0.4871731241321542,1.8090004,3
ERRFI1,0.4885379674124717,1.0049638,3
CCL21,0.5070275003133273,0.93729144,3
RNASE6,0.5079647940171381,0.93729144,3
VMO1,0.5117357573569499,1.586051,3
CXCL17,0.5117357573569499,1.586051,3
KRT6A,0.5117357573569499,1.586051,3
NUF2,0.5126600125254903,1.586051,3
CSF2,0.5172067976550991,1.586051,3
CCL5,0.5212756891877786,0.4679324,3
CST3,0.5253234925508241,0.40190396,3
TAGLN,0.5293161270316273,0.8726029,3
FGFBP2,0.5293161270316273,0.8726029,3
HLA-DPB1,0.5318510880035539,0.32313666,3
CCL3,0.5416287465880572,0.43219903,3
RETN,0.5429033549039841,1.3928487,3
CPA3,0.5429033549039841,1.3928487,3
CYR61,0.5437860296052734,1.3928487,3
TACSTD2,0.5455366584593171,1.3928487,3
FOXO4,0.5520283035921412,0.8106441,3
S100A2,0.5749403016118988,1.2223666,3
SLC34A2,0.5749403016118988,1.2223666,3
IGLC3,0.5751429200220599,0.75119203,3
ENG,0.5974296096631966,0.6940501,3
CLDN5,0.5982361949605235,0.6940501,3
SLC29A1,0.6077930777736253,1.0698062,3
S100A14,0.6085770989086164,1.0698062,3
CDKN3,0.610131489696482,1.0698062,3
ASF1B,0.6124295777511932,1.0698062,3
PLBD1,0.6414032483273837,0.9317454,3
TIMP3,0.6414032483273837,0.9317454,3
SNCA,0.6414032483273837,0.9317454,3
CXCL1,0.6414032483273837,0.9317454,3
PCOLCE,0.6414032483273837,0.9317454,3
HLA-DMB,0.6743189815810613,0.44359964,3
MT1A,0.6757078011692276,0.8056571,3
CA2,0.6796472221605141,0.8056571,3
SLPI,0.6921314791685493,0.52166975,3
IL10,0.7005411793696457,0.75119203,3
MS4A7,0.7106395334009744,0.6896224,3
BLVRB,0.7173146929576819,0.37374473,3
CD68,0.7186201954076811,0.43750036,3
KLRC1,0.7257638772505111,0.43750036,3
HBA2,0.72816327287273,0.3338854,3
PLCG2,0.7286120302166864,0.2853425,3
HSP90AB1,0.7364458067205537,0.19724771,3
C15orf48,0.7461274811693812,0.5821496,3
CSF3R,0.7461274811693812,0.5821496,3
NAPSA,0.7461274811693812,0.5821496,3
TUBG1,0.7461274811693812,0.5821496,3
TYROBP,0.7534083178638975,0.17326254,3
IGHM,0.7723888908982527,0.34618476,3
PLA2G2A,0.7820973881004769,0.48205635,3
MT1M,0.7820973881004769,0.48205635,3
IGLC2,0.7955743224370424,0.30255705,3
SFTA2,0.8184722067689847,0.38838926,3
MAP3K8,0.8195279127528695,0.18160504,3
HSPA8,0.8213384450172426,0.2154543,3
CENPF,0.847165380833051,0.21897669,3
FECH,0.8551726271773665,0.30036864,3
FABP4,0.8551899719090567,0.16702434,3
RAB31,0.8554825121571281,0.30036864,3
KCTD12,0.8554825121571281,0.30036864,3
TYMS,0.8772322692273697,0.30036864,3
MZB1,0.892117625860486,0.21734864,3
CLEC7A,0.892117625860486,0.21734864,3
CD160,0.8932610185898752,0.21734864,3
HSD17B7,0.8974546082743475,0.115276925,3
AK1,0.8976813386455911,0.115276925,3
CSTA,0.9257241751992599,0.101821646,3
SFTPC,0.9257563066868714,0.048767608,3
CES1,0.9292250289859408,0.13878821,3
HBB,0.9297113201634392,0.079427555,3
HSPD1,0.9346691422272757,0.03321447,3
GPR183,0.9500734077688843,0.028715229,3
HLA-DPA1,0.9538399784542042,0.025539167,3
CD8A,0.9627507773231734,0.035021007,3
PARVB,0.9628035349132112,0.04083802,3
NKX2-8,1.0,0.0,3
IGHV3-73,1.0,0.0,3
ESM1,1.0,0.0,3
IGHV3-72,1.0,0.0,3
MMP10,1.0,0.0,3
RANBP17,1.0,0.0,3
ARHGAP42,1.0,0.0,3
RBPMS2,1.0,0.0,3
CXCL9,1.0,0.0,3
FOXI1,1.0,0.0,3
CLEC1B,1.0,0.0,3
SLC25A21,1.0,0.0,3
ITGB5,1.0,0.0,3
OLFM4,1.0,0.0,3
PRH2,1.0,0.0,3
IGHV3-74,1.0,0.0,3
MYL1,1.0,0.0,3
CLDN18,1.0,0.0,3
TRH,1.0,0.0,3
IL5,1.0,0.0,3
MUC13,1.0,0.0,3
PRG2,1.0,0.0,3
RBP2,1.0,0.0,3
FAM25A,1.0,0.0,3
IGHV4-59,1.0,0.0,3
DNTT,1.0,0.0,3
CRTAC1,1.0,0.0,3
ADH7,1.0,0.0,3
CYP17A1,1.0,0.0,3
CFAP43,1.0,0.0,3
SCT,1.0,0.0,3
ADH1C,1.0,0.0,3
DMBT1,1.0,0.0,3
MMP13,1.0,0.0,3
FGA,1.0,0.0,3
APOA4,1.0,0.0,3
CP,1.0,0.0,3
MUC5AC,1.0,0.0,3
MMP12,1.0,0.0,3
IGF2,1.0,0.0,3
LIPF,1.0,0.0,3
CCDC78,1.0,0.0,3
IBSP,1.0,0.0,3
CCKBR,1.0,0.0,3
TRAV5,1.0,0.0,3
MMP1,1.0,0.0,3
CPB1,1.0,0.0,3
HBM,1.0,0.0,3
DLGAP5,1.0,0.0,3
CYTL1,1.0,0.0,3
IGHV3-53,1.0,0.0,3
SPTSSB,1.0,0.0,3
FDCSP,1.0,0.0,3
STON2,1.0,0.0,3
FABP6,1.0,0.0,3
KRT78,1.0,0.0,3
IGHV2-5,1.0,0.0,3
IGHV4-4,1.0,0.0,3
DNAH12,1.0,0.0,3
MUCL1,1.0,0.0,3
CHGA,1.0,0.0,3
SCEL,1.0,0.0,3
ACY3,1.0,0.0,3
IGHV6-1,1.0,0.0,3
MUC4,1.0,0.0,3
ZDHHC19,1.0,0.0,3
SPINK1,1.0,0.0,3
SPINK5,1.0,0.0,3
TSLP,1.0,0.0,3
TSPAN19,1.0,0.0,3
TSPAN8,1.0,0.0,3
CCNO,1.0,0.0,3
TM4SF19,1.0,0.0,3
LTF,1.0,0.0,3
MS4A3,1.0,0.0,3
CRHBP,1.0,0.0,3
MS4A8,1.0,0.0,3
IGHV3-11,1.0,0.0,3
IGHV3-13,1.0,0.0,3
IGHV1-18,1.0,0.0,3
MSMB,1.0,0.0,3
IGHV3-49,1.0,0.0,3
HAND1,1.0,0.0,3
TEX12,1.0,0.0,3
SYT16,1.0,0.0,3
SSPN,1.0,0.0,3
IGHV1-46,1.0,0.0,3
IGHV3-43,1.0,0.0,3
CXCL6,1.0,0.0,3
DKK1,1.0,0.0,3
IGHV4-34,1.0,0.0,3
PLA2G1B,1.0,0.0,3
C11orf97,1.0,0.0,3
IGHV3-20,1.0,0.0,3
ALB,1.0,0.0,3
CPLX2,1.0,0.0,3
UPK1B,1.0,0.0,3
IGHV3-33,1.0,0.0,3
IGHV4-31,1.0,0.0,3
IGHV3-30,1.0,0.0,3
CFAP73,1.0,0.0,3
IGHV1-24,1.0,0.0,3
ATP13A4-AS1,1.0,0.0,3
IGHV3-23,1.0,0.0,3
IGHV3-21,1.0,0.0,3
IGHV3-48,1.0,0.0,3
MUC6,1.0,0.0,3
GPR17,1.0,0.0,3
IGLV1-40,1.0,0.0,3
DNASE2B,1.0,0.0,3
IGLV4-69,1.0,0.0,3
IGLV8-61,1.0,0.0,3
IGLV6-57,1.0,0.0,3
IGLV10-54,1.0,0.0,3
IGLV1-51,1.0,0.0,3
IGLV1-47,1.0,0.0,3
IGLV5-45,1.0,0.0,3
IGLV1-44,1.0,0.0,3
IGLV3-25,1.0,0.0,3
TRBV4-2,1.0,0.0,3
IGLV2-23,1.0,0.0,3
IGLV3-21,1.0,0.0,3
IGLV3-19,1.0,0.0,3
IGLV2-14,1.0,0.0,3
IGLV2-11,1.0,0.0,3
IGLV3-9,1.0,0.0,3
ERICH3,1.0,0.0,3
IGLC6,1.0,0.0,3
HOXA7,1.0,0.0,3
CLCA4,1.0,0.0,3
TNNT1,1.0,0.0,3
LDLRAD1,1.0,0.0,3
PGLYRP1,1.0,0.0,3
C6orf58,1.0,0.0,3
SCGB1C1,1.0,0.0,3
CEACAM5,1.0,0.0,3
NDP,1.0,0.0,3
IL20RA,1.0,0.0,3
PNLDC1,1.0,0.0,3
SPRR1A,1.0,0.0,3
APOC2,1.0,0.0,3
CKM,1.0,0.0,3
SELENBP1,1.0,0.0,3
TRBV7-3,1.0,0.0,3
HSD3B2,1.0,0.0,3
AOC1,1.0,0.0,3
KLK10,1.0,0.0,3
KLK11,1.0,0.0,3
HAS1,1.0,0.0,3
TRBV30,1.0,0.0,3
TRBV27,1.0,0.0,3
NPY,1.0,0.0,3
TRBV9,1.0,0.0,3
BSND,1.0,0.0,3
CPA4,1.0,0.0,3
NCCRP1,1.0,0.0,3
CCL3L1,1.0,0.0,3
IGKV2-24,1.0,0.0,3
IGKV2D-30,1.0,0.0,3
IGKV2D-24,1.0,0.0,3
MUC2,1.0,0.0,3
IGHV3-66,1.0,0.0,3
IGKV1-33,1.0,0.0,3
DEFA6,1.0,0.0,3
IFNB1,1.0,0.0,3
IGLVI-70,1.0,0.0,3
PNLIP,1.0,0.0,3
IGKV1D-16,1.0,0.0,3
KLK3,1.0,0.0,3
PRDM16,1.0,0.0,3
DEFA5,1.0,0.0,3
UMOD,1.0,0.0,3
TRBV19,1.0,0.0,3
IGHV4-39,1.0,0.0,3
IGKJ1,1.0,0.0,3
IGKV1D-12,1.0,0.0,3
IGKV1-27,1.0,0.0,3
IGLV2-18,1.0,0.0,3
IGKV2-29,1.0,0.0,3
GGT5,1.0,0.0,3
TFF1,1.0,0.0,3
LINC01510,1.0,0.0,3
FAM183A,1.0,0.0,3
EPDR1,1.0,0.0,3
CCL26,1.0,0.0,3
CCL24,1.0,0.0,3
AZGP1,1.0,0.0,3
PPP1R9A,1.0,0.0,3
PCP4,1.0,0.0,3
TFF2,1.0,0.0,3
CLCNKB,1.0,0.0,3
PAEP,1.0,0.0,3
AC233755.2,1.0,0.0,3
IGKV6D-21,1.0,0.0,3
REG3A,1.0,0.0,3
IGKV2-26,1.0,0.0,3
IGLV7-43,1.0,0.0,3
GYPA,1.0,0.0,3
VPREB1,1.0,0.0,3
PGA5,1.0,0.0,3
TRAV19,1.0,0.0,3
XAGE2,1.0,0.0,3
GATA1,1.0,0.0,3
LGALS7B,1.0,0.0,3
TG,1.0,0.0,3
CFAP157,1.0,0.0,3
IGKV1-8,1.0,0.0,3
WDR38,1.0,0.0,3
ALDH3A1,1.0,0.0,3
HIST1H3B,1.0,0.0,3
CCL8,1.0,0.0,3
CCL13,1.0,0.0,3
CCL15,1.0,0.0,3
ANKRD1,1.0,0.0,3
PGBD1,1.0,0.0,3
UBD,1.0,0.0,3
FABP1,1.0,0.0,3
CD207,1.0,0.0,3
GKN1,1.0,0.0,3
CNRIP1,1.0,0.0,3
ITGB3,1.0,0.0,3
EPX,1.0,0.0,3
MPO,1.0,0.0,3
CAPN14,1.0,0.0,3
PSCA,1.0,0.0,3
MYCN,1.0,0.0,3
AURKB,1.0,0.0,3
TEKT1,1.0,0.0,3
ALOX15,1.0,0.0,3
CFAP77,1.0,0.0,3
ZG16,1.0,0.0,3
AHSP,1.0,0.0,3
IGKV1D-8,1.0,0.0,3
IGKV3D-20,1.0,0.0,3
LCN1,1.0,0.0,3
CCL22,1.0,0.0,3
IGKV2D-28,1.0,0.0,3
FCN2,1.0,0.0,3
IGKV1D-39,1.0,0.0,3
IGKV2-30,1.0,0.0,3
SPNS2,1.0,0.0,3
CTRB2,1.0,0.0,3
DYNLRB2,1.0,0.0,3
GMPR,1.0,0.0,3
NECAB2,1.0,0.0,3
IGKV1-16,1.0,0.0,3
FAM92B,1.0,0.0,3
IGKV3-11,1.0,0.0,3
IGKV1-9,1.0,0.0,3
IGKV1-6,1.0,0.0,3
LGALS7,1.0,0.0,3
GYPE,1.0,0.0,3
CHRM3,1.0,0.0,3
ANGPTL4,1.0,0.0,3
ACTA1,1.0,0.0,3
PBK,1.0,0.0,3
ELANE,1.0,0.0,3
RSPH9,1.0,0.0,3
CRISP2,1.0,0.0,3
DEFA3,1.0,0.0,3
APOA2,1.0,0.0,3
CRISP3,1.0,0.0,3
ATP1A2,1.0,0.0,3
GSTA2,1.0,0.0,3
ZMAT4,1.0,0.0,3
CD1B,1.0,0.0,3
PLP1,1.0,0.0,3
KLF1,1.0,0.0,3
CD1A,1.0,0.0,3
CD5L,1.0,0.0,3
BCAN,1.0,0.0,3
S100A1,1.0,0.0,3
HAMP,1.0,0.0,3
SPRR2G,1.0,0.0,3
PGC,1.0,0.0,3
FMO2,1.0,0.0,3
CA1,1.0,0.0,3
CTSE,1.0,0.0,3
SERPINB13,1.0,0.0,3
CALB1,1.0,0.0,3
AVP,1.0,0.0,3
LAMC2,1.0,0.0,3
CST2,1.0,0.0,3
IL20,1.0,0.0,3
LAMB3,1.0,0.0,3
CHST9,1.0,0.0,3
CFHR1,1.0,0.0,3
BPI,1.0,0.0,3
CRH,1.0,0.0,3
NOV,1.0,0.0,3
WFDC12,1.0,0.0,3
EFCAB1,1.0,0.0,3
GRP,1.0,0.0,3
HES4,0.9964269961349679,-0.006717739,3
VSIG4,0.996419371462365,-0.006717739,3
CH25H,0.9943468981444815,-0.0068815085,3
PTMS,0.9937041267138829,-0.0068266285,3
C12orf75,0.9879284678307566,-0.007216878,3
KLF6,0.9762798023210342,-0.016137915,3
GZMH,0.9736328787838255,-0.020857275,3
HOPX,0.9729325358747569,-0.014497688,3
PDLIM1,0.9685406246511095,-0.041279007,3
RFESD,0.9593053552101487,-0.07439007,3
SCGB1A1,0.9584500584128057,-0.035286512,3
GNG11,0.9424348108875079,-0.075005576,3
CCDC50,0.9423728466278047,-0.075005576,3
TCTEX1D2,0.9279778545802164,-0.097880885,3
OAT,0.9166324534202142,-0.058139525,3
ITM2C,0.8996902569934719,-0.08751251,3
ACTA2,0.8896075350258652,-0.14025554,3
NCF2,0.8861697287426237,-0.20103742,3
SPI1,0.84964057455249,-0.26048946,3
TPSAB1,0.8493237088428893,-0.26048946,3
PRF1,0.8325883577292077,-0.1558448,3
HEBP1,0.8214475410108772,-0.18378495,3
HOXB2,0.8193436436681272,-0.13397036,3
ICAM1,0.8136887666710848,-0.23308341,3
LGALS3,0.797639872625518,-0.10657273,3
DUSP6,0.7818692462307465,-0.22498588,3
MS4A6A,0.7429045561525989,-0.42566365,3
WARS,0.7366721197183204,-0.3204939,3
ST6GALNAC4,0.7123960498004094,-0.348535,3
BNIP3L,0.6939138799282529,-0.21044521,3
ADIRF,0.6786630460092121,-0.52631664,3
XCL2,0.6510257042929783,-0.32627025,3
FGL2,0.6425755838343835,-0.57418114,3
APOE,0.64041982592747,-0.42965096,3
TWISTNB,0.6250663038251905,-0.39683595,3
CTSW,0.622516413373279,-0.24134374,3
ID1,0.6036741450647691,-0.48139837,3
PTTG1,0.5952129250364822,-0.30239767,3
FKBP4,0.5869638786353331,-0.35196972,3
STMN1,0.5848349849952418,-0.31297648,3
H2AFZ,0.5463886022266986,-0.26327828,3
PCNA,0.5090277819242716,-0.42743337,3
HSBP1,0.49270735064916515,-0.36779532,3
C1QC,0.49027389895031825,-0.7927048,3
APLP2,0.4893149286173848,-0.4088114,3
TPM1,0.4892325518561622,-0.6035019,3
GCLM,0.4860943166895684,-0.6330646,3
TSC22D1,0.47339816541859703,-0.62678313,3
HMBS,0.4616070044586452,-0.8327924,3
CD74,0.4506723065172512,-0.35354918,3
HLA-DQA1,0.4283089666956267,-0.62750703,3
CXCL8,0.4137401715256772,-0.90985984,3
UNG,0.39767503272413907,-0.7164913,3
HNRNPAB,0.38973677400928486,-0.4540961,3
CTSH,0.38707151079122804,-0.46405935,3
SLC38A5,0.3841812030503612,-0.94694513,3
EGR1,0.37858859224990005,-0.47954828,3
FAM210B,0.37726657554234133,-0.73811436,3
LTC4S,0.36520791876465986,-0.98312855,3
SLC2A1,0.3632858709721466,-0.98312855,3
TPGS2,0.35598557585210244,-0.5790747,3
MATK,0.3474385474860743,-0.59132195,3
HLA-DRA,0.33778385375574305,-0.33037424,3
CD177,0.3174973217671717,-22.145807,3
MYL4,0.3174973217671715,-19.558062,3
KIF18B,0.3174973217671715,-19.558062,3
CD72,0.3174973217671715,-19.558062,3
PI3,0.3174973217671715,-19.558062,3
TREM2,0.3174973217671715,-19.558062,3
EPCAM,0.3174973217671715,-19.558062,3
CFB,0.3174973217671715,-19.558062,3
LY6H,0.3174973217671715,-19.558062,3
SDC2,0.3174973217671715,-19.558062,3
LYPD2,0.3174973217671715,-20.558617,3
CYGB,0.3174973217671715,-19.558062,3
SERPINB3,0.3174973217671715,-19.558062,3
TREML1,0.3174973217671715,-19.558062,3
ANKRD29,0.3174973217671715,-19.558062,3
SDR16C5,0.3174973217671715,-19.558062,3
CA8,0.3174973217671715,-19.558062,3
RGS13,0.3174973217671715,-19.558062,3
STAR,0.3174973217671715,-19.558062,3
SERPINB5,0.3174973217671715,-19.558062,3
CA3,0.3174973217671715,-19.558062,3
SIRPD,0.3174973217671715,-19.558062,3
CDC42BPA,0.3174973217671715,-19.558062,3
BANK1,0.3174973217671715,-19.558062,3
PRSS57,0.3174973217671715,-19.558062,3
LILRA4,0.3174973217671715,-19.558062,3
KLK2,0.3174973217671715,-19.558062,3
TMEM56,0.3174973217671715,-19.558062,3
CACNG8,0.3174973217671715,-19.558062,3
TRBV24-1,0.3174973217671715,-19.558062,3
F3,0.3174973217671715,-19.558062,3
TRBV6-5,0.3174973217671715,-19.558062,3
TRBV7-2,0.3174973217671715,-19.558062,3
LMTK3,0.3174973217671715,-19.558062,3
TMEM190,0.3174973217671715,-19.558062,3
IGLV2-8,0.3174973217671715,-19.558062,3
DEPDC1,0.3174973217671715,-19.558062,3
EDN2,0.3174973217671715,-19.558062,3
TRBV4-1,0.3174973217671715,-19.558062,3
ORM1,0.3174973217671715,-19.558062,3
SPAG17,0.3174973217671715,-19.558062,3
ARHGAP6,0.3174973217671715,-19.558062,3
AZU1,0.3174973217671715,-19.558062,3
GDF15,0.3174973217671715,-19.558062,3
STC1,0.3174973217671715,-19.558062,3
FCGR2B,0.3174973217671715,-19.558062,3
GSTA1,0.3174973217671715,-19.558062,3
KRT23,0.3174973217671715,-19.558062,3
CCDC151,0.3174973217671715,-19.558062,3
FAM129C,0.3174973217671715,-19.558062,3
C1orf189,0.3174973217671715,-19.558062,3
CRCT1,0.3174973217671715,-19.558062,3
CLC,0.3174973217671715,-19.558062,3
CYP2F1,0.3174973217671715,-19.558062,3
AXL,0.3174973217671715,-19.558062,3
CEACAM6,0.3174973217671715,-19.558062,3
MAOB,0.3174973217671715,-19.558062,3
PACRG,0.3174973217671715,-19.558062,3
SLC6A14,0.3174973217671715,-19.558062,3
IGHV3-7,0.3174973217671715,-19.558062,3
MEG3,0.3174973217671715,-19.558062,3
HDC,0.3174973217671715,-19.558062,3
RND3,0.3174973217671715,-19.558062,3
DRD4,0.3174973217671715,-19.558062,3
ATP12A,0.3174973217671715,-19.558062,3
GALNT5,0.3174973217671715,-19.558062,3
MSLN,0.3174973217671715,-19.558062,3
SLC38A11,0.3174973217671715,-19.558062,3
HBD,0.3174973217671715,-19.558062,3
SPC25,0.3174973217671715,-19.558062,3
SAA2,0.3174973217671715,-19.558062,3
C11orf88,0.3174973217671715,-19.558062,3
CEMIP,0.3174973217671715,-19.558062,3
TFPI2,0.3174973217671715,-19.558062,3
TNNC1,0.3174973217671715,-19.558062,3
IGHG2,0.3174973217671715,-19.558062,3
CHL1,0.3174973217671715,-19.558062,3
RNASE2,0.3174973217671715,-19.558062,3
IGHA2,0.3174973217671715,-19.558062,3
TRAV12-3,0.3174973217671715,-19.558062,3
EFHB,0.3174973217671715,-19.558062,3
MMP7,0.3174973217671715,-19.558062,3
GPX2,0.3174973217671715,-19.558062,3
FOLR1,0.3174973217671715,-19.558062,3
TMEM63C,0.3174973217671715,-19.558062,3
CAMP,0.3174973217671715,-19.558062,3
KITLG,0.3174973217671715,-19.558062,3
CCDC74A,0.3174973217671715,-19.558062,3
WIF1,0.3174973217671715,-19.558062,3
CLNK,0.3174973217671715,-19.558062,3
CXCL13,0.3174973217671715,-20.558617,3
CXCL11,0.3174973217671715,-19.558062,3
CCL7,0.3174973217671715,-19.558062,3
CXCL5,0.3174973217671715,-19.558062,3
OMG,0.3174973217671715,-19.558062,3
DRC3,0.3174973217671715,-19.558062,3
GPRC5A,0.3174973217671715,-19.558062,3
IGKV1-5,0.3174973217671715,-19.558062,3
ZMYND15,0.3174973217671715,-19.558062,3
DPEP3,0.3174973217671715,-19.558062,3
AQP5,0.3174973217671715,-19.558062,3
KRT5,0.3174973217671715,-19.558062,3
GFI1B,0.3174973217671715,-19.558062,3
FGFBP1,0.3174973217671715,-19.558062,3
IGKV2D-29,0.3174973217671715,-19.558062,3
TXNDC5,0.3174973217671715,-19.558062,3
CDC20B,0.3174973217671715,-19.558062,3
OLFM1,0.3174973217671715,-19.558062,3
CETP,0.3174973217671715,-19.558062,3
MT1H,0.3174973217671715,-19.558062,3
FAM178B,0.3174973217671715,-19.558062,3
LRRC26,0.3174973217671715,-19.558062,3
NXPH4,0.3174973217671715,-19.558062,3
CST6,0.3174973217671715,-19.558062,3
CMC1,0.31167644113458515,-0.50458205,3
NAMPT,0.2998190694356494,-0.62318027,3
RPL22L1,0.2990893273958499,-0.44287074,3
CCL4L2,0.2926052423500514,-0.88144994,3
RRM2,0.2891231859926914,-23.654438,3
XCL1,0.27687500159295403,-0.6002631,3
VCAN,0.27613842247300285,-1.1196684,3
IL17A,0.26445004533593924,-22.73244,3
KLRB1,0.2585213833842812,-0.7107711,3
KLRD1,0.25139545257006446,-0.9389896,3
HIST1H2AC,0.2322575279677257,-0.9389896,3
PRKAR2B,0.22538982259658671,-21.882215,3
TNFSF13B,0.2261126968138601,-1.2144575,3
TUBA1B,0.22129592185359181,-0.48497972,3
IRF7,0.22061091019143053,-0.86017084,3
GTSE1,0.20602574404393875,-21.55973,3
RHOC,0.20896486282524115,-0.683635,3
MMD,0.20735013560934112,-1.2447649,3
IER5,0.206484577425945,-0.74077505,3
FCER1G,0.20545007769038123,-0.79235494,3
MKI67,0.17981328252012738,-23.47275,3
TYMP,0.1834955694569103,-0.59494686,3
PMCH,0.16560576128922697,-21.882215,3
MED24,0.1636670211359023,-1.3321754,3
INHBA,0.1573792997766472,-20.558617,3
SNTN,0.1573792997766472,-20.558617,3
IGKV1-12,0.1573792997766472,-20.558617,3
LGALSL,0.1573792997766472,-20.558617,3
ACPP,0.1573792997766472,-20.558617,3
SFN,0.1573792997766472,-20.558617,3
HIST1H2AM,0.1573792997766472,-20.558617,3
TSPAN1,0.1573792997766472,-20.558617,3
WDR17,0.1573792997766472,-20.558617,3
UPK3B,0.1573792997766472,-20.558617,3
MMRN1,0.1573792997766472,-20.558617,3
CCDC17,0.1573792997766472,-20.558617,3
IGKV1-39,0.1573792997766472,-20.558617,3
LY6G6F,0.1573792997766472,-20.558617,3
PFKFB2,0.1573792997766472,-20.558617,3
DDR2,0.1573792997766472,-20.558617,3
FCGR3B,0.1573792997766472,-20.558617,3
CCDC170,0.1573792997766472,-20.558617,3
MME,0.1573792997766472,-20.558617,3
CXCL14,0.1573792997766472,-20.558617,3
TNFAIP6,0.1573792997766472,-20.558617,3
MALL,0.1573792997766472,-20.558617,3
ROPN1L,0.1573792997766472,-20.558617,3
C4BPA,0.1573792997766472,-20.558617,3
IL1R2,0.1573792997766472,-20.558617,3
ZMYND10,0.1573792997766472,-20.558617,3
CENPA,0.1573792997766472,-20.558617,3
ARG1,0.1573792997766472,-20.558617,3
IGKV4-1,0.1573792997766472,-20.558617,3
CD1C,0.1573792997766472,-20.558617,3
AC008268.1,0.1573792997766472,-20.558617,3
SFTA1P,0.1573792997766472,-20.558617,3
FOLR2,0.1573792997766472,-20.558617,3
GNAZ,0.1573792997766472,-20.558617,3
CD19,0.1573792997766472,-20.558617,3
ZNF556,0.1573792997766472,-20.558617,3
CLEC9A,0.1573792997766472,-20.558617,3
ORM2,0.1573792997766472,-20.558617,3
EBI3,0.1573792997766472,-20.558617,3
ENHO,0.1573792997766472,-20.558617,3
CMTM2,0.1573792997766472,-20.558617,3
RRAD,0.1573792997766472,-20.558617,3
PLIN5,0.1573792997766472,-20.558617,3
IGLV3-1,0.1573792997766472,-20.558617,3
KRT6C,0.1573792997766472,-20.558617,3
CDK1,0.1573792997766472,-20.558617,3
IGLL1,0.1573792997766472,-20.558617,3
LY6D,0.1573792997766472,-20.558617,3
POU2AF1,0.1573792997766472,-20.558617,3
DEFB1,0.1573792997766472,-20.558617,3
CLEC10A,0.1573792997766472,-20.558617,3
FCGBP,0.1573792997766472,-20.558617,3
LAMP5,0.1573792997766472,-20.558617,3
CSF3,0.1573792997766472,-20.558617,3
SIGLEC10,0.1573792997766472,-20.558617,3
STXBP6,0.1573792997766472,-20.558617,3
CTSG,0.1573792997766472,-20.558617,3
KRT14,0.1573792997766472,-20.558617,3
PLD4,0.1573792997766472,-20.558617,3
PPP1R14A,0.1573792997766472,-20.558617,3
PAPPA,0.1573792997766472,-20.558617,3
NKX2-1,0.1573792997766472,-20.558617,3
CD22,0.1573792997766472,-20.558617,3
JSRP1,0.1573792997766472,-20.558617,3
AKR1C2,0.1573792997766472,-20.558617,3
TRBV14,0.15737929977664716,-22.145807,3
RHOB,0.16005236789222357,-0.8289254,3
ISG15,0.15418373688853929,-0.76083964,3
KLF4,0.15207617357147024,-1.387744,3
TK1,0.14435927614342617,-23.73746,3
APOC1,0.14774685056294298,-1.0826526,3
LYAR,0.14201751492650924,-0.6153908,3
KLF10,0.1396714962020059,-1.0997036,3
MT1F,0.13665782716778946,-0.86017084,3
TSPAN17,0.12966452667300563,-1.4147767,3
HIST1H4C,0.12538761907246532,-0.71890014,3
METTL13,0.11786790159294575,-1.4413325,3
IL22,0.11050919704729553,-24.029198,3
MYBL2,0.1083222687766547,-22.368755,3
IL13,0.10602357245481828,-22.73244,3
PAK1IP1,0.10889727814817912,-1.4674282,3
FABP3,0.10249245935392955,-21.55973,3
IGHV1-3,0.10249245935392955,-21.55973,3
CMTM5,0.10249245935392955,-21.55973,3
BIRC5,0.10249245935392955,-21.55973,3
CTSZ,0.10308481551885082,-1.4930799,3
HSPA6,0.09490243994072334,-1.0550904,3
S100A10,0.0946965117054104,-0.8932106,3
NUP214,0.09211028954066132,-1.5183027,3
PBX1,0.08326442465569744,-21.144136,3
FAM111B,0.08326442465569744,-21.144136,3
TPX2,0.08326442465569744,-22.145807,3
SERPINB2,0.08326442465569744,-21.144136,3
AKR1C1,0.08326442465569744,-21.144136,3
BGLAP,0.08326442465569744,-21.144136,3
BASP1,0.08326442465569744,-21.144136,3
CD34,0.08326442465569744,-21.144136,3
LCN2,0.08326442465569744,-21.144136,3
SNCG,0.08326442465569744,-21.144136,3
FAM177B,0.08326442465569744,-21.144136,3
FCRL5,0.08326442465569744,-21.144136,3
PYCR1,0.08326442465569744,-21.144136,3
CFAP53,0.08326442465569744,-21.144136,3
BCL11A,0.08326442465569744,-21.144136,3
MUC21,0.08326442465569744,-21.144136,3
CCL17,0.08326442465569744,-21.144136,3
CCDC13,0.08326442465569744,-21.144136,3
GKN2,0.08326442465569744,-21.144136,3
GP9,0.08326442465569744,-21.144136,3
TMEM40,0.08326442465569744,-21.144136,3
IGHG4,0.08326442465569744,-21.144136,3
IGFBP2,0.08326442465569744,-21.144136,3
GJB6,0.08326442465569744,-21.144136,3
AGR3,0.08326442465569744,-21.144136,3
PLD1,0.08326442465569744,-21.144136,3
C16orf89,0.08326442465569744,-21.144136,3
PLK1,0.08326442465569744,-21.144136,3
S100P,0.08326442465569744,-21.144136,3
NCAPG,0.08326442465569744,-21.144136,3
FGG,0.08326442465569744,-21.144136,3
KRT15,0.08326442465569744,-21.144136,3
IGKV3-20,0.08326442465569744,-21.144136,3
BLK,0.08326442465569744,-21.144136,3
EMCN,0.08326442465569744,-21.144136,3
CHIT1,0.08326442465569744,-21.144136,3
TIMD4,0.08326442465569744,-21.144136,3
ACRBP,0.08326442465569744,-21.144136,3
CDCA3,0.08326442465569744,-21.144136,3
PDZK1IP1,0.08326442465569744,-21.144136,3
TOP2A,0.08326442465569744,-22.145807,3
KRT7,0.08326442465569744,-21.144136,3
RASSF6,0.08326442465569744,-21.144136,3
PKIB,0.08326442465569744,-21.144136,3
NRGN,0.08266146195610494,-24.57535,3
IL2RB,0.08304509547519964,-0.9698438,3
ECI2,0.07872522450728581,-0.97945696,3
SOD2,0.07869114134527454,-0.8634325,3
DKC1,0.07645468869417243,-1.0896691,3
PSAP,0.07336349080904112,-0.65272444,3
FOS,0.06936421878444989,-1.6540282,3
FDX1,0.06884984318713622,-0.8192152,3
UBE2S,0.06824085907081139,-1.3377237,3
HSP90B1,0.06822801428240133,-0.5914631,3
SLIRP,0.06685054273518133,-0.83429325,3
MND1,0.058753719398851004,-21.882215,3
BPIFB1,0.058753719398851004,-21.882215,3
UBE2C,0.058753719398851004,-21.882215,3
PTCRA,0.058753719398851004,-21.882215,3
CDC20,0.05775047412411897,-22.145807,3
SAT1,0.060960858845788585,-0.73181677,3
DNASE1L3,0.052168581533676914,-22.368755,3
CHI3L1,0.04545845523382333,-21.55973,3
ITGA2B,0.04545845523382333,-21.55973,3
FXYD3,0.04545845523382333,-21.55973,3
C19orf33,0.04545845523382333,-21.55973,3
CYP1B1,0.04545845523382333,-21.55973,3
IGFBP5,0.04545845523382333,-21.55973,3
MAL2,0.04545845523382333,-21.55973,3
TGFA,0.04545845523382333,-21.55973,3
LAMP3,0.04545845523382333,-21.55973,3
CAV2,0.04545845523382333,-21.55973,3
PEBP4,0.04545845523382333,-21.55973,3
C2orf40,0.04545845523382333,-21.55973,3
DERL3,0.04545845523382333,-21.55973,3
HMOX1,0.04545845523382333,-21.55973,3
TFF3,0.04545845523382333,-21.55973,3
PTX3,0.04545845523382333,-21.55973,3
CSF1R,0.04545845523382333,-21.55973,3
CLDN4,0.04545845523382333,-21.55973,3
GATA2,0.04545845523382333,-21.55973,3
RBP7,0.04545845523382333,-21.55973,3
TIMM13,0.047357186315651605,-0.87581533,3
PRR4,0.04374779796405393,-1.7062377,3
LGALS1,0.04366342057025653,-1.0741134,3
TUBB1,0.03954453317388443,-23.149149,3
KPNA2,0.03832056498453772,-1.2345353,3
TIMP1,0.03769988725488238,-0.7920024,3
PRDX4,0.037323788151452764,-1.4064317,3
KIF2C,0.0338430794368995,-22.145807,3
TNFRSF13B,0.0338430794368995,-22.145807,3
PRSS27,0.0338430794368995,-22.145807,3
PCBP3,0.0338430794368995,-22.145807,3
RHD,0.0338430794368995,-22.145807,3
FHL2,0.03245669743226398,-22.561958,3
HMGA1,0.03415439541929088,-0.9510132,3
KLRC2,0.028994126668122882,-23.73746,3
TFDP1,0.02983460867812856,-1.2766043,3
CD80,0.025290668779460415,-21.882215,3
FCRLA,0.025290668779460415,-21.882215,3
SPAG4,0.025290668779460415,-21.882215,3
FCRL2,0.025290668779460415,-21.882215,3
TBC1D16,0.025290668779460415,-21.882215,3
HIST1H2BJ,0.025290668779460415,-21.882215,3
DMC1,0.025290668779460415,-21.882215,3
KRT4,0.025290668779460415,-21.882215,3
PEG10,0.025290668779460415,-21.882215,3
HMMR,0.025290668779460415,-21.882215,3
VPREB3,0.025290668779460415,-21.882215,3
LRRC25,0.025290668779460415,-21.882215,3
DNAAF1,0.025290668779460415,-21.882215,3
SFTA3,0.025290668779460415,-21.882215,3
ELF3,0.025290668779460415,-21.882215,3
SLC22A31,0.025290668779460415,-21.882215,3
PLEKHH2,0.025290668779460415,-21.882215,3
C11orf96,0.025290668779460415,-21.882215,3
LMO2,0.025290668779460415,-21.882215,3
CCL19,0.025290668779460415,-21.882215,3
IDO1,0.025290668779460415,-21.882215,3
IL3RA,0.025290668779460415,-21.882215,3
KCNH2,0.025290668779460415,-21.882215,3
TBXA2R,0.025290668779460415,-21.882215,3
E2F5,0.025290668779460415,-21.882215,3
CD302,0.025290668779460415,-21.882215,3
ADD2,0.025290668779460415,-21.882215,3
ESAM,0.025290668779460415,-21.882215,3
MXRA8,0.025290668779460415,-21.882215,3
UROD,0.027029229197195602,-1.461157,3
PYCARD,0.0267970472048624,-1.0635524,3
CDT1,0.020863567252768965,-22.561958,3
TMEM14B,0.023544515758358052,-0.96923035,3
GRN,0.02253450414223174,-1.3176057,3
NKG7,0.02164981362107504,-1.0372381,3
CCNA2,0.019572819404258788,-22.368755,3
CCNB1,0.019572819404258788,-22.368755,3
TRDC,0.018958650981490254,-24.029198,3
CPVL,0.017968409830626732,-24.70631,3
CDK4,0.020178021100871302,-1.514042,3
MARCH2,0.019442847040623622,-1.8734607,3
NME1,0.019424946112757656,-1.3377237,3
STXBP2,0.019402005120246243,-1.0598255,3
JUN,0.018938247458830423,-2.343364,3
RNF145,0.017574071483804993,-1.0725161,3
CTSS,0.01705669106668378,-0.79559386,3
TCF4,0.014249453908373606,-22.145807,3
CX3CR1,0.014249453908373606,-22.145807,3
CCND1,0.014249453908373606,-22.145807,3
TNFRSF9,0.014249453908373606,-23.149149,3
AKAP12,0.014249453908373606,-22.145807,3
RBP4,0.014249453908373606,-22.145807,3
ADAM23,0.014249453908373606,-22.145807,3
HP,0.014249453908373606,-22.145807,3
BEX1,0.014249453908373606,-22.145807,3
FPR1,0.014249453908373606,-22.145807,3
SPIB,0.014249453908373606,-22.145807,3
FBN1,0.014249453908373606,-22.145807,3
IL6,0.014249453908373606,-22.145807,3
CCL20,0.01352640980790437,-2.1230047,3
IFI27,0.0140435461416481,-2.0061295,3
SEC11C,0.014622617889360263,-0.9212033,3
CLSPN,0.012499752350810753,-22.73244,3
CCNE1,0.011357977194875557,-22.561958,3
SOX4,0.010888460390068485,-25.56999,3
CD8B,0.011921131040066929,-2.0314183,3
IFI6,0.011588385954196806,-1.1588718,3
IFITM3,0.011573683346654077,-1.2023945,3
ARC,0.009392667819936444,-23.566418,3
CMTM8,0.010782641439543713,-1.6147789,3
HES1,0.009007293685734564,-23.81602,3
CDK6,0.010061055043551472,-1.6509639,3
LEPR,0.008101717918970236,-22.368755,3
SGCE,0.008101717918970236,-22.368755,3
MUC20,0.008101717918970236,-22.368755,3
CPNE5,0.008101717918970236,-22.368755,3
CSF2RB,0.008101717918970236,-22.368755,3
TCL1A,0.008101717918970236,-22.368755,3
PTPRS,0.008101717918970236,-22.368755,3
HCK,0.008101717918970236,-22.368755,3
ALDH1A1,0.008101717918970236,-22.368755,3
BATF3,0.008101717918970236,-22.368755,3
UTS2,0.007584680141428853,-23.023062,3
PLEKHG1,0.006609670854651911,-22.73244,3
RAB32,0.006609670854651911,-22.73244,3
NOP16,0.007861497456607962,-2.0241795,3
RNF130,0.00728161174989495,-2.0420198,3
PPBP,0.005790062186104133,-25.924187,3
CCT2,0.006812983249529851,-1.1800534,3
PF4,0.004871712709626341,-24.215296,3
MCM7,0.005465648427138958,-2.1777675,3
MARCH1,0.004637847066069257,-22.561958,3
MDK,0.004637847066069257,-22.561958,3
CKB,0.004637847066069257,-22.561958,3
MT1G,0.004637847066069257,-22.561958,3
NMNAT3,0.004637847066069257,-22.561958,3
EPS8L1,0.004637847066069257,-22.561958,3
IGHG1,0.004637847066069257,-22.561958,3
TFR2,0.004637847066069257,-22.561958,3
MBOAT2,0.004637847066069257,-22.561958,3
EREG,0.00446944354554855,-23.023062,3
GEM,0.0037256525285276256,-23.81602,3
CRELD2,0.004088087243331174,-1.4150844,3
SPP1,0.0026690335013269976,-22.73244,3
CTGF,0.0026690335013269976,-22.73244,3
MSR1,0.0026690335013269976,-22.73244,3
GAS6,0.0026690335013269976,-22.73244,3
LILRB2,0.0026690335013269976,-22.73244,3
CD33,0.0026690335013269976,-22.73244,3
CRYAB,0.0022537482696826663,-23.023062,3
SCD,0.0022537482696826663,-23.023062,3
ANXA2,0.0028946531039514,-1.2217537,3
TRAP1,0.00209625389487627,-2.2257512,3
MYB,0.0015424833539649239,-22.885,3
PILRA,0.0015424833539649239,-22.885,3
KRT8,0.0015424833539649239,-22.885,3
PRSS21,0.0015424833539649239,-22.885,3
KRT1,0.0014738288709365349,-24.029198,3
NCL,0.0020665852002142776,-0.8959121,3
PAICS,0.0019024660007700496,-2.2257512,3
AP1S2,0.001927650767931133,-1.3199235,3
GSTP1,0.0019238052201792724,-1.0869617,3
MUC1,0.0013196766614207416,-23.149149,3
FCN3,0.0010448399406830392,-23.47275,3
CRIP1,0.0013083577577814027,-2.5515344,3
IFIT2,0.000897176109292541,-25.56999,3
APOBEC3A,0.0008944790920430779,-23.023062,3
MEF2C,0.0008944790920430779,-23.023062,3
CD93,0.0008944790920430779,-23.023062,3
EMP2,0.0008944790920430779,-23.023062,3
FCER1A,0.0008944790920430779,-23.023062,3
SLC25A39,0.0012545742110230114,-1.536098,3
NPC2,0.0012815883304924645,-1.2887408,3
RANBP1,0.001112399488313184,-1.1750308,3
CCR10,0.0006803426061634802,-24.7876,3
ACSS1,0.0009590249391606544,-2.3025696,3
CD9,0.0009116937094590716,-2.3322663,3
CLECL1,0.0006333214642946564,-23.566418,3
S100A8,0.0009478802989520263,-1.396672,3
TMEM14C,0.0008919577489290352,-1.3900687,3
TMEM176B,0.0005665544931165095,-23.47275,3
TMEM176A,0.0005201647729849656,-23.149149,3
PRC1,0.0005201647729849656,-23.149149,3
ABCA3,0.0005201647729849656,-23.149149,3
CMBL,0.0005201647729849656,-23.149149,3
METAP2,0.0007925513331720735,-1.3371745,3
LGALS2,0.0004544116891700144,-23.372658,3
CHST2,0.0004544116891700144,-23.372658,3
S100B,0.0004404676562833315,-24.901752,3
PCSK1N,0.0003996477433422044,-24.57535,3
IFIT3,0.0003459801476906721,-24.215296,3
HIST1H2BH,0.00033770551816097327,-23.566418,3
TUFT1,0.0003031997489343505,-23.265184,3
PARD6B,0.0003031997489343505,-23.265184,3
CD300E,0.0003031997489343505,-23.265184,3
TRIM58,0.0003031997489343505,-23.265184,3
MT1E,0.00031964715074721224,-2.8745463,3
GAPDH,0.0005063906161559672,-2.3471475,3
MT1X,0.00044147818800944236,-1.4250551,3
S100A9,0.0004852045145243026,-1.4100664,3
TCF7L2,0.000267117684530746,-23.47275,3
EGFL7,0.000267117684530746,-23.47275,3
IRF8,0.00024929157289026274,-23.961525,3
JUNB,0.0004399169604596811,-3.6237025,3
ZFP36L1,0.0004090371562670342,-1.3256125,3
PTGS2,0.00020123830643470507,-23.654438,3
SLC25A37,0.0003037687705316755,-2.4319744,3
SLC7A7,0.00017708105172377912,-23.372658,3
PTPRE,0.00028585058290006115,-2.4319744,3
PPP1R14B,0.00024496650357283463,-2.499503,3
IL23A,0.0002449665035728339,-2.499503,3
AGER,0.00015717124958140852,-23.566418,3
CNKSR2,0.00015717124958140852,-23.566418,3
HBA1,0.00015717124958140852,-23.566418,3
CAV1,0.00015686928750281733,-23.961525,3
TUBB,0.0002765309868586224,-1.1398474,3
SOCS2,0.0002439874863446469,-2.4593349,3
SERPINF1,0.00011988761202343546,-23.73746,3
AREG,0.0001732490929149134,-2.6003072,3
TM4SF1,0.0001035952995784658,-23.47275,3
TPPP3,0.0001035952995784658,-23.47275,3
MT2A,0.00013595962200064536,-1.584569,3
RAN,0.00019523608034720106,-1.2768954,3
CDKN1C,9.09178397774279e-05,-24.215296,3
S100A11,0.0001858738301323089,-1.6748145,3
MS4A1,8.432550107502926e-05,-23.890577,3
IFIT1,8.432550107502926e-05,-23.890577,3
GZMK,0.00010473265861570546,-2.2081847,3
RGS18,7.140684258294421e-05,-23.81602,3
MYL9,7.140684258294421e-05,-23.81602,3
MKRN1,0.0001479120197532253,-1.8025452,3
CCDC144A,6.06911866431209e-05,-23.566418,3
LIMS1,0.00012041987499805336,-1.7323533,3
CD36,4.252209082723096e-05,-23.890577,3
HEMGN,3.439606650905959e-05,-24.093885,3
RND1,2.2553610343319192e-05,-24.215296,3
SSR4,5.765611024212809e-05,-1.1610287,3
MPEG1,2.090298320675268e-05,-23.73746,3
IGSF6,2.090298320675268e-05,-23.73746,3
ZWINT,1.9484923708763685e-05,-24.528988,3
ITGB1,4.4539810078847625e-05,-1.3667339,3
FTH1,4.0911820897779814e-05,-4.316176,3
RALGPS2,1.5069877281250526e-05,-24.029198,3
CD79B,3.231670909138332e-05,-2.638614,3
MIF,4.1785407781619785e-05,-1.4333723,3
PA2G4,3.645990506189467e-05,-1.3179091,3
SCGB3A2,1.1201001724160846e-05,-23.961525,3
TTC38,8.968807258726057e-06,-24.093885,3
NME4,2.055026505098026e-05,-2.6626453,3
KLRF1,7.225418025675114e-06,-23.890577,3
PHACTR1,7.225418025675114e-06,-23.890577,3
MINPP1,5.336776703776096e-06,-24.155844,3
GLRX5,1.4433565816496802e-05,-2.2841623,3
TKT,1.570652620097362e-05,-1.5135305,3
S100A6,1.6954197624287337e-05,-2.602094,3
NEAT1,9.358484037401024e-06,-1.5859368,3
CLIC5,2.5042803691075873e-06,-24.029198,3
RASGRP3,2.5042803691075873e-06,-24.029198,3
PHGDH,2.386646462444665e-06,-24.327444,3
HVCN1,1.8885310978814454e-06,-24.272438,3
CYBB,1.4754725216073237e-06,-24.093885,3
CD79A,1.364300479784055e-06,-24.215296,3
SPARCL1,8.696843185071193e-07,-24.155844,3
MAFB,8.696843185071193e-07,-24.155844,3
VDAC3,2.7633247103497555e-06,-2.0091689,3
HIST1H2AG,5.127985784904913e-07,-24.215296,3
FAM89A,4.767757034917688e-07,-24.327444,3
FOSB,1.4515205455383916e-06,-2.1335738,3
LST1,1.3133218078426953e-06,-2.4677958,3
IL4I1,3.2538852779889006e-07,-24.937935,3
PTCH2,3.0245587895560335e-07,-24.272438,3
SLC40A1,9.286535574267295e-07,-2.9259624,3
MOB3C,2.3594020419639516e-07,-24.481123,3
KRT18,1.7843715791897872e-07,-24.327444,3
DUT,8.354990542897589e-07,-1.8346082,3
FCGR3A,1.30584871811476e-07,-25.286982,3
LYN,1.05292363197913e-07,-24.38047,3
TNFRSF4,2.4205225094754043e-07,-2.7108285,3
CPPED1,9.857484980167018e-08,-24.481123,3
RTKN2,8.728244736605926e-08,-25.616201,3
MYOM2,5.115657731495401e-08,-25.369583,3
COTL1,1.9987612899270226e-07,-1.7556018,3
CENPM,3.5102431484160705e-08,-24.826633,3
FGR,3.4473192788962256e-08,-24.57535,3
HMGB1,1.3865237156726298e-07,-1.8459336,3
ALDH2,8.304748808093567e-09,-24.826633,3
AIF1,5.0887888911185545e-08,-2.2917624,3
IFI30,7.665566120747747e-09,-25.13833,3
ATAD3A,6.143182066313464e-09,-24.7876,3
LXN,6.143182066313464e-09,-24.7876,3
RECK,4.454844288626293e-09,-24.66393,3
S100A12,4.214438444507335e-09,-24.74751,3
SERBP1,7.518301100096041e-08,-1.7224568,3
GNLY,3.3422420290719203e-09,-4.4023185,3
PCCB,2.7916334483940575e-09,-25.007767,3
RGL4,1.8720444285759473e-08,-3.1167727,3
CPOX,2.161599840522771e-09,-24.864666,3
GYPC,3.8537512155573874e-08,-1.6164383,3
UROS,9.438419851836954e-09,-3.1524072,3
CD14,8.705207793373632e-10,-24.864666,3
BRI3,8.152807830694195e-09,-3.1611967,3
LMO7,7.598205341706378e-10,-24.937935,3
MNDA,3.192657666953125e-10,-24.864666,3
S100A4,5.680535505132269e-09,-6.47967,3
SUB1,5.238214807752302e-09,-1.7519482,3
DCAF12,6.264781306624344e-11,-25.041494,3
CLIC3,2.482371955804238e-11,-25.369583,3
NCOA7,1.7619968605750142e-10,-3.3515,3
PTMA,1.648259726499755e-09,-7.0635695,3
ALAD,4.4866758528856035e-12,-25.199572,3
JUND,5.082196868729903e-11,-2.2124279,3
FCN1,9.198719036771176e-13,-25.286982,3
VIM,1.2089611480051286e-10,-4.4090505,3
ARV1,1.9528841091564513e-13,-25.315023,3
CHI3L2,9.383640942765118e-14,-26.0319,3
LPCAT3,7.076675649206974e-14,-25.546345,3
IER2,4.367141464896049e-12,-3.020268,3
CCT6A,2.3172980492911413e-12,-2.815595,3
PSMG1,1.4453549702572116e-15,-25.746948,3
CD52,3.4846397985673957e-12,-5.299073,3
VSIG1,5.467455794401872e-16,-25.638788,3
PTP4A3,5.960148728947722e-17,-25.767689,3
SLC39A3,5.960148728947722e-17,-25.767689,3
RUVBL2,4.8856240402251644e-17,-25.905478,3
UBAC1,2.050994746473761e-17,-25.80834,3
FTL,3.33115673372083e-13,-4.899505,3
ISOC2,2.070174592837343e-18,-26.014463,3
FBLN5,9.570765752779234e-19,-26.066193,3
LYZ,5.023681280413767e-16,-3.1476595,3
RUFY1,3.703478153882432e-19,-26.014463,3
REXO2,3.1862197093134415e-16,-3.8025546,3
PASK,7.28641767728812e-18,-4.1013026,3
SCGB3A1,2.7092775975480794e-19,-26.95979,3
IL32,5.155732850075795e-16,-4.913731,3
PRDX2,8.764404423766839e-17,-2.5778756,3
FXN,1.741963590143577e-24,-26.344824,3
CCR7,5.567380229319446e-20,-3.5045602,3
PLAC8,3.35439682670042e-23,-3.3068662,3
ACTB,8.153328648729942e-23,-16.23709,3
YBX1,1.5627878536251252e-20,-3.167679,3
HNRNPA1,6.995742925416922e-20,-4.606908,3
ACTG1,8.629010417142068e-27,-6.3174553,3
NPM1,3.81912927202936e-25,-4.7439804,3
MAP2K2,5.043045320673489e-42,-27.61968,3
SELL,1.437571557226237e-80,-6.576321,3
LTB,4.449273653693406e-93,-9.079083,3
CXCR4,4.365814485059822e-10,9.312427,4
SRGN,0.00037587989214116305,4.7133484,4
ID2,0.0017887925659088105,3.0824392,4
ALOX5AP,0.0027053710741790477,1.6141059,4
ZFP36,0.003431203626492726,4.1048794,4
RGS1,0.00428445785265387,5.2860074,4
LGALS3,0.007367697406265584,1.7326744,4
CEBPD,0.008176562693035641,2.0351362,4
CST7,0.00864191987339991,1.3742272,4
BATF,0.011429139269500939,1.5437984,4
CCL5,0.014461287367746066,2.6968853,4
HLA-DPA1,0.014219928354081092,1.1602279,4
HLA-DRB1,0.01702333070906227,1.4347376,4
APOE,0.017251739900255348,2.155872,4
ADIRF,0.02136371381013486,2.8110733,4
CD74,0.026012471982103234,1.7588592,4
NFKBIA,0.02748763437478777,2.7615042,4
HLA-DRB5,0.029710708785859095,1.1245303,4
XCL1,0.032593668208937,3.328195,4
LGALS1,0.03226941783575121,1.5268966,4
CEBPB,0.034658480435807944,1.0412617,4
HLA-DRA,0.0421576472169197,0.9291447,4
HLA-DMB,0.043051824945493145,1.9332261,4
KPNA2,0.05219592367752872,1.3824667,4
CRIP1,0.05244506846875761,2.8296432,4
HLA-DQB1,0.05791080824051204,1.305227,4
FABP4,0.0618377496960962,1.914146,4
JCHAIN,0.06714714224697543,1.9075766,4
C12orf75,0.06699180749912566,1.0411061,4
HMGB2,0.0774966026026927,0.8483709,4
APOC1,0.08630386316144265,1.4313236,4
TGFBI,0.0908202582276093,2.299985,4
CLU,0.09712849235316413,1.0531988,4
KLF6,0.10524894453241652,1.2637585,4
CLIC5,0.10586195077409043,2.3835154,4
CKB,0.10818212502012783,3.8109083,4
TSPAN17,0.11186549547565981,1.5024072,4
HOPX,0.1203414984328785,1.1390302,4
IL2RB,0.12050328292565676,1.0678121,4
DUSP1,0.12070886607693423,1.5624579,4
GZMB,0.12751553179419878,1.8620178,4
EREG,0.13198937839623714,3.752194,4
THBS1,0.14569294973765623,2.670075,4
HLA-DQA1,0.15527316061954496,1.1394556,4
BNIP3L,0.1573994369599373,0.831934,4
HERPUD1,0.16119215182879226,0.74024117,4
GZMA,0.16785029759486153,0.93729633,4
CHIT1,0.168492576875153,5.5373435,4
IGFBP2,0.168492576875153,5.5373435,4
EMCN,0.168492576875153,5.5373435,4
HSP90AA1,0.16923179164106858,2.2163966,4
CTSS,0.17856697998285445,0.4920372,4
CTSL,0.19368992590456816,1.3891433,4
S100A11,0.19767003558483565,0.6738981,4
C1QC,0.19823427445718678,1.5007023,4
IL6,0.1990764191531445,3.5356808,4
VSIG4,0.2109918296486281,1.8771348,4
CD9,0.21228058098054392,0.9920914,4
NAMPT,0.2125324161328553,1.098921,4
ERRFI1,0.22151464960107567,1.8025784,4
SPARCL1,0.22948480029564844,1.7316332,4
MSR1,0.23354914441145064,2.7266617,4
RND1,0.2409162813079685,1.663963,4
IGLL5,0.24303911410692666,1.8485525,4
GZMH,0.24575332356583748,2.1549537,4
PRSS21,0.24593218767181899,2.5334616,4
TPSAB1,0.24974593346528884,1.5992767,4
SPI1,0.2500395806185864,1.5992767,4
FOXO4,0.2503329583416377,1.5992767,4
CRELD2,0.25308293851430336,0.6012445,4
S100A4,0.2572197397110286,2.2125182,4
DCAF12,0.25756295566118426,1.2192689,4
MGP,0.26592306253774817,0.9525868,4
DUSP2,0.2664295682058604,0.8031816,4
ENG,0.27152973152682314,1.4778701,4
HLA-DPB1,0.2753373664533489,0.48936272,4
CCDC50,0.2777274118171195,1.1477649,4
TRIM58,0.2858173027158309,2.0723646,4
MS4A7,0.300033317883371,1.9462785,4
ADAM19,0.30191665237736315,0.95505595,4
CD160,0.30698674072356474,2.1267295,4
TM4SF1,0.31471219653836113,1.830246,4
EGFL7,0.3151587258726312,1.830246,4
TUBA1C,0.3175714243477614,0.6913131,4
IGHA2,0.3216120667849459,24.077137,4
AXL,0.3216120667849459,24.077137,4
LMTK3,0.3216120667849459,24.077137,4
CEMIP,0.3216120667849459,24.077137,4
CCDC74A,0.3216120667849459,24.077137,4
S100A6,0.3257425861103984,0.7555871,4
DCN,0.3402802084975116,0.9517739,4
ARG1,0.3435306270741396,4.5246325,4
KRT6C,0.3435306270741396,4.5246325,4
RRAD,0.3435306270741396,4.5246325,4
CYP4B1,0.3435306270741396,4.5246325,4
CKS2,0.35091535276181707,0.6577757,4
LMNA,0.35334987609179347,0.8034408,4
LUM,0.36152219320886936,1.5290192,4
MPEG1,0.36152219320886936,1.5290192,4
NCF2,0.3651047625390027,1.663963,4
IGHG4,0.3663637940706096,3.524079,4
GKN2,0.3663637940706096,3.524079,4
FAM111B,0.3663637940706096,3.524079,4
CCL17,0.3663637940706096,3.524079,4
PTMS,0.3763710856273834,0.93349063,4
MZB1,0.37804394402105534,1.4410007,4
ATAD3A,0.3839086126431728,1.0292544,4
LAMP3,0.3901018546588899,2.9385622,4
CLDN4,0.3901018546588899,2.9385622,4
FABP3,0.3909717500093842,2.9385622,4
IGHV1-3,0.3909717500093842,2.9385622,4
DUSP6,0.3936962475312975,0.7088894,4
CENPM,0.39878939018506443,0.9868774,4
CH25H,0.4061903161926106,0.7708188,4
SCGB3A2,0.4128767538573386,1.2794247,4
ESAM,0.41473107565671574,2.5229702,4
C11orf96,0.41473107565671574,2.5229702,4
CCL19,0.41473107565671574,2.5229702,4
IL1RL1,0.41473107565671574,2.5229702,4
SFTPD,0.41473107565671574,2.5229702,4
SLC22A31,0.41473107565671574,2.5229702,4
DNAAF1,0.41473107565671574,2.5229702,4
ZFAND2A,0.41487634931119044,0.7265748,4
CXCL8,0.42767295849392895,0.90559304,4
IL32,0.435630413535816,0.9727247,4
EDN1,0.4402336538189112,2.2004874,4
CENPU,0.4402336538189112,2.2004874,4
PIGR,0.4402336538189112,2.2004874,4
PCBP3,0.44107293472958864,2.2004874,4
HSPE1,0.44209146504503094,0.5633969,4
TPX2,0.4427409283663917,2.2004874,4
TOP2A,0.4427409283663917,2.2004874,4
COL1A2,0.44903579323211307,1.1339229,4
NNMT,0.44945546491271915,1.1339229,4
TNFRSF4,0.4586660883073802,0.99878997,4
CCL4,0.4664321770102853,2.1913853,4
ALDH1A1,0.4665876982449666,1.9368982,4
AKR1C3,0.4665876982449666,1.9368982,4
BATF3,0.4665876982449666,1.9368982,4
CCL21,0.4673474214425064,1.0662528,4
CCNA2,0.4674057682276117,1.9368982,4
IFI27,0.4794268820637929,0.5693161,4
ITM2C,0.48115082763329364,0.4135168,4
TAGLN,0.4869033501389681,1.0015664,4
RHOC,0.4891536937726344,0.37512422,4
IGHG1,0.49376724625256874,1.7139509,4
CXCL17,0.49376724625256874,1.7139509,4
ARC,0.4943622798699132,1.7227753,4
FOXJ1,0.49456018047534056,1.7139509,4
PDLIM1,0.5046898509628904,0.7199426,4
SLPI,0.5059190490656829,1.11326,4
GAPDH,0.5110672655237922,0.6429246,4
KLRB1,0.5139809853534283,0.4624224,4
CCL18,0.5195560782630144,0.574723,4
TSC22D1,0.5209421561770347,0.574723,4
CTGF,0.5217423133750214,1.5207509,4
IGHG3,0.5217423133750214,1.5207509,4
PLEKHG1,0.5225062361613064,1.5207509,4
ANXA2,0.5224983931245711,0.26854753,4
CLSPN,0.5232666577478825,1.5207509,4
TACSTD2,0.5240236030997469,1.5207509,4
HIST1H2AC,0.5258535504020343,0.60791063,4
HSPD1,0.5275543555037303,0.40586105,4
HSPA1B,0.5303587669597971,0.6086461,4
TPSB2,0.5408379951357023,0.90559304,4
ITGB1,0.5429937086894837,0.26507288,4
KRT8,0.5504789777181015,1.3502709,4
PSAP,0.5535050891152091,0.21274783,4
ACTA2,0.5536086852967212,0.61873436,4
IL1B,0.5541060204836367,0.61873436,4
KLF10,0.5635314602658951,0.44140562,4
TMEM14C,0.5660146024101906,0.23127066,4
PRDX2,0.5663694201259282,0.20509289,4
MS4A6A,0.5670865274027861,0.7680159,4
TIMP1,0.574650855409935,0.25375658,4
S100A14,0.5806341331506228,1.1977127,4
CPPED1,0.5885126434661756,0.7149921,4
ICAM1,0.6073846883720633,0.52395165,4
TIMP3,0.6100824679899028,1.0596539,4
PLBD1,0.6100824679899028,1.0596539,4
MUC1,0.6107370884287566,1.0596539,4
NUSAP1,0.6112424264942016,0.66380954,4
FTH1,0.6356720613369577,0.8660514,4
NMB,0.6395308674274378,0.5048746,4
TUFT1,0.6408629962274526,0.93356776,4
MT1A,0.6408629962274526,0.93356776,4
CD300E,0.6408629962274526,0.93356776,4
CA2,0.644485466097263,0.93356776,4
SERPINA1,0.6597959232310268,0.4348149,4
ALAD,0.6617669794198893,0.5864678,4
PSMG1,0.6643615350962238,0.46003494,4
MARCH2,0.671328190476078,0.35340217,4
LGALS2,0.6727976692250199,0.8175352,4
CHST2,0.6727976692250199,0.8175352,4
RECK,0.6757732239054155,0.5201207,4
ST6GALNAC4,0.6782000461678338,0.40624243,4
XCL2,0.6866641310770106,0.4447257,4
HEBP1,0.7035015261103077,0.39516315,4
NAPSA,0.7041410789326039,0.71006465,4
TUBG1,0.7041410789326039,0.71006465,4
TPPP3,0.7041410789326039,0.71006465,4
FCN3,0.7056791785372163,0.71006465,4
CCL4L2,0.71054826924375,0.3127545,4
APLP2,0.7118684181912013,0.2570488,4
MT1M,0.7365335239845325,0.6099735,4
MGST1,0.7365335239845325,0.6099735,4
CNKSR2,0.7369967836631112,0.6099735,4
CLECL1,0.7379161455068582,0.6099735,4
HNRNPAB,0.7410521487355675,0.20122075,4
CSF1,0.7446720408732104,0.3891672,4
LXN,0.7449000379460119,0.3891672,4
KLRC1,0.7539263974852412,0.56648105,4
ACTB,0.7572354965163073,0.93819827,4
MAP3K8,0.7582741412867973,0.3127545,4
CENPF,0.7684217549642307,0.34796822,4
SFTA2,0.7693538758732389,0.51630855,4
ID1,0.7759510869942896,0.2710005,4
H2AFZ,0.7857751233299319,0.099509284,4
MNDA,0.7913468630928933,0.30788282,4
FECH,0.8025436105049393,0.42829007,4
MARCO,0.8025436105049393,0.42829007,4
RAB31,0.8028959648034254,0.42829007,4
SERPINF1,0.803246467341328,0.42829007,4
NOP16,0.8039451870478174,0.19692025,4
RUFY1,0.8211028383012982,0.17843817,4
LDLR,0.8214382413088919,0.17843817,4
GRN,0.8279509545901365,0.1274184,4
PCNA,0.8280474316160396,0.16550301,4
RGS2,0.8347956024855384,0.105672374,4
MYL9,0.8366291289777372,0.3452722,4
IL4I1,0.8406912379622757,0.23081964,4
IGKC,0.8552897648180643,0.10842553,4
CTSW,0.8620980677657398,0.08564305,4
LTC4S,0.8635895973090113,0.19373651,4
PYCARD,0.8676077382362348,0.07618569,4
CES1,0.8697884634724686,0.26671395,4
SOX4,0.8807850374470669,0.19532408,4
PCCB,0.8876026848397706,0.15755527,4
FCER1G,0.8914481570577226,0.08332899,4
HSP90AB1,0.8919781658905503,0.090432845,4
SFTPC,0.9026546602623318,0.07243966,4
SPRR3,0.903892806886019,0.19215752,4
CAV1,0.9045791431182049,0.19215752,4
IRF8,0.904748469732616,0.19215752,4
PTTG1,0.9089263665722593,0.07633787,4
FDX1,0.9333918217873464,0.04525385,4
HES4,0.9381059953728569,0.12121228,4
BLVRB,0.9505760249105543,0.054466974,4
GZMK,0.9512787853916594,0.0906946,4
MCM7,0.9607542689506288,0.038070794,4
TCTEX1D2,0.9706247687530437,0.032212727,4
UNG,0.9706792161815747,0.032212727,4
CDK4,0.9822838869707714,0.014895968,4
IFI30,0.9888653684070006,0.021024136,4
FAM210B,0.9905410288986876,0.010279825,4
TUBB4B,0.9912400144995663,0.0055955877,4
TSLP,1.0,0.0,4
ADH1C,1.0,0.0,4
CRISP2,1.0,0.0,4
PLA2G1B,1.0,0.0,4
CFAP73,1.0,0.0,4
MMP10,1.0,0.0,4
CRISP3,1.0,0.0,4
GSTA2,1.0,0.0,4
MMP1,1.0,0.0,4
CRH,1.0,0.0,4
CPLX2,1.0,0.0,4
C6orf58,1.0,0.0,4
TSPAN19,1.0,0.0,4
TSPAN8,1.0,0.0,4
EFCAB1,1.0,0.0,4
ZMAT4,1.0,0.0,4
MYL1,1.0,0.0,4
GATA1,1.0,0.0,4
MMP12,1.0,0.0,4
RANBP17,1.0,0.0,4
PBK,1.0,0.0,4
IL20RA,1.0,0.0,4
MMP13,1.0,0.0,4
MUCL1,1.0,0.0,4
TRBV30,1.0,0.0,4
KRT78,1.0,0.0,4
FOXI1,1.0,0.0,4
CXCL6,1.0,0.0,4
WDR38,1.0,0.0,4
ZDHHC19,1.0,0.0,4
MUC4,1.0,0.0,4
LTF,1.0,0.0,4
CA1,1.0,0.0,4
OLFM4,1.0,0.0,4
ESM1,1.0,0.0,4
MS4A8,1.0,0.0,4
CHGA,1.0,0.0,4
STON2,1.0,0.0,4
ACY3,1.0,0.0,4
GMPR,1.0,0.0,4
PGBD1,1.0,0.0,4
IGKV2D-28,1.0,0.0,4
UBD,1.0,0.0,4
TM4SF19,1.0,0.0,4
NOV,1.0,0.0,4
SYT16,1.0,0.0,4
DLGAP5,1.0,0.0,4
TG,1.0,0.0,4
IBSP,1.0,0.0,4
C11orf97,1.0,0.0,4
IGKV3D-20,1.0,0.0,4
PSCA,1.0,0.0,4
SLC25A21,1.0,0.0,4
NKX2-8,1.0,0.0,4
IGKV1D-8,1.0,0.0,4
CALB1,1.0,0.0,4
CYTL1,1.0,0.0,4
PGC,1.0,0.0,4
AOC1,1.0,0.0,4
RSPH9,1.0,0.0,4
TRAV5,1.0,0.0,4
CXCL9,1.0,0.0,4
ARHGAP42,1.0,0.0,4
GPR17,1.0,0.0,4
SCEL,1.0,0.0,4
CFAP157,1.0,0.0,4
FABP6,1.0,0.0,4
PNLDC1,1.0,0.0,4
DNTT,1.0,0.0,4
EPDR1,1.0,0.0,4
TRH,1.0,0.0,4
ANKRD1,1.0,0.0,4
CPA4,1.0,0.0,4
LINC01510,1.0,0.0,4
CLDN18,1.0,0.0,4
CCL26,1.0,0.0,4
SPTSSB,1.0,0.0,4
GYPE,1.0,0.0,4
MUC5AC,1.0,0.0,4
LIPF,1.0,0.0,4
RBP2,1.0,0.0,4
FAM25A,1.0,0.0,4
CCL24,1.0,0.0,4
IGF2,1.0,0.0,4
SPINK1,1.0,0.0,4
FDCSP,1.0,0.0,4
PPP1R9A,1.0,0.0,4
CPB1,1.0,0.0,4
CCNO,1.0,0.0,4
AZGP1,1.0,0.0,4
PRG2,1.0,0.0,4
CRHBP,1.0,0.0,4
DKK1,1.0,0.0,4
MSMB,1.0,0.0,4
CCKBR,1.0,0.0,4
IL5,1.0,0.0,4
XAGE2,1.0,0.0,4
FGA,1.0,0.0,4
APOA4,1.0,0.0,4
SCT,1.0,0.0,4
SSPN,1.0,0.0,4
CRTAC1,1.0,0.0,4
ADH7,1.0,0.0,4
TEX12,1.0,0.0,4
TRBV27,1.0,0.0,4
MS4A3,1.0,0.0,4
DEFA3,1.0,0.0,4
PRH2,1.0,0.0,4
ALB,1.0,0.0,4
ATP13A4-AS1,1.0,0.0,4
DNAH12,1.0,0.0,4
TRBV9,1.0,0.0,4
CLEC1B,1.0,0.0,4
PLP1,1.0,0.0,4
CFAP77,1.0,0.0,4
FCN2,1.0,0.0,4
LCN1,1.0,0.0,4
UPK1B,1.0,0.0,4
HAND1,1.0,0.0,4
TRBV7-3,1.0,0.0,4
TRBV4-2,1.0,0.0,4
SCGB1C1,1.0,0.0,4
DMBT1,1.0,0.0,4
NPY,1.0,0.0,4
ITGB5,1.0,0.0,4
HOXA7,1.0,0.0,4
NDP,1.0,0.0,4
CFAP43,1.0,0.0,4
CYP17A1,1.0,0.0,4
SPINK5,1.0,0.0,4
MUC13,1.0,0.0,4
CP,1.0,0.0,4
MUC6,1.0,0.0,4
IGKV1D-39,1.0,0.0,4
HAMP,1.0,0.0,4
BPI,1.0,0.0,4
CD5L,1.0,0.0,4
BCAN,1.0,0.0,4
WFDC12,1.0,0.0,4
S100A1,1.0,0.0,4
ELANE,1.0,0.0,4
SPRR2G,1.0,0.0,4
SPRR1A,1.0,0.0,4
SELENBP1,1.0,0.0,4
ANGPTL4,1.0,0.0,4
KLF1,1.0,0.0,4
HSD3B2,1.0,0.0,4
CLCA4,1.0,0.0,4
CST2,1.0,0.0,4
DNASE2B,1.0,0.0,4
LGALS7,1.0,0.0,4
LGALS7B,1.0,0.0,4
NCCRP1,1.0,0.0,4
ERICH3,1.0,0.0,4
CEACAM5,1.0,0.0,4
APOC2,1.0,0.0,4
CKM,1.0,0.0,4
PGLYRP1,1.0,0.0,4
BSND,1.0,0.0,4
KLK10,1.0,0.0,4
KLK11,1.0,0.0,4
CD1A,1.0,0.0,4
AVP,1.0,0.0,4
MYCN,1.0,0.0,4
CCL13,1.0,0.0,4
DYNLRB2,1.0,0.0,4
NECAB2,1.0,0.0,4
FAM92B,1.0,0.0,4
CHRM3,1.0,0.0,4
SPNS2,1.0,0.0,4
ALOX15,1.0,0.0,4
TEKT1,1.0,0.0,4
ACTA1,1.0,0.0,4
AURKB,1.0,0.0,4
LAMB3,1.0,0.0,4
ALDH3A1,1.0,0.0,4
CCL8,1.0,0.0,4
CCL15,1.0,0.0,4
ATP1A2,1.0,0.0,4
IL20,1.0,0.0,4
CTSE,1.0,0.0,4
CFHR1,1.0,0.0,4
ITGB3,1.0,0.0,4
LAMC2,1.0,0.0,4
EPX,1.0,0.0,4
MPO,1.0,0.0,4
FMO2,1.0,0.0,4
CHST9,1.0,0.0,4
APOA2,1.0,0.0,4
GRP,1.0,0.0,4
SERPINB13,1.0,0.0,4
LDLRAD1,1.0,0.0,4
HAS1,1.0,0.0,4
TNNT1,1.0,0.0,4
IGKV1-33,1.0,0.0,4
VPREB1,1.0,0.0,4
PGA5,1.0,0.0,4
TRAV19,1.0,0.0,4
PAEP,1.0,0.0,4
IGKV2-29,1.0,0.0,4
IGKV1D-16,1.0,0.0,4
IGLV2-18,1.0,0.0,4
IGKV2-24,1.0,0.0,4
IGKV2D-30,1.0,0.0,4
IGKV2D-24,1.0,0.0,4
MUC2,1.0,0.0,4
IGHV3-66,1.0,0.0,4
DEFA6,1.0,0.0,4
FAM183A,1.0,0.0,4
IFNB1,1.0,0.0,4
IGLVI-70,1.0,0.0,4
CCL3L1,1.0,0.0,4
PNLIP,1.0,0.0,4
KLK3,1.0,0.0,4
DEFA5,1.0,0.0,4
UMOD,1.0,0.0,4
TRBV19,1.0,0.0,4
IGHV4-39,1.0,0.0,4
IGKJ1,1.0,0.0,4
IGKV1D-12,1.0,0.0,4
IGKV1-27,1.0,0.0,4
GYPA,1.0,0.0,4
IGLV7-43,1.0,0.0,4
IGKV2-26,1.0,0.0,4
REG3A,1.0,0.0,4
IGLV4-69,1.0,0.0,4
IGLV8-61,1.0,0.0,4
IGLV6-57,1.0,0.0,4
IGLV10-54,1.0,0.0,4
IGLV1-51,1.0,0.0,4
IGLV1-47,1.0,0.0,4
IGLV5-45,1.0,0.0,4
IGLV1-44,1.0,0.0,4
IGLV1-40,1.0,0.0,4
IGLV3-25,1.0,0.0,4
IGLV2-23,1.0,0.0,4
IGLV3-21,1.0,0.0,4
IGLV3-19,1.0,0.0,4
IGLV2-14,1.0,0.0,4
IGLV2-11,1.0,0.0,4
IGLV3-9,1.0,0.0,4
IGLC6,1.0,0.0,4
GGT5,1.0,0.0,4
CLCNKB,1.0,0.0,4
PRDM16,1.0,0.0,4
PCP4,1.0,0.0,4
TFF2,1.0,0.0,4
TFF1,1.0,0.0,4
AC233755.2,1.0,0.0,4
IGKV6D-21,1.0,0.0,4
CTRB2,1.0,0.0,4
CD1B,1.0,0.0,4
CCL22,1.0,0.0,4
IGKV1-6,1.0,0.0,4
IGHV3-53,1.0,0.0,4
IGHV4-59,1.0,0.0,4
IGHV3-72,1.0,0.0,4
IGHV3-73,1.0,0.0,4
IGHV3-74,1.0,0.0,4
IGKV3-11,1.0,0.0,4
IGKV1-9,1.0,0.0,4
RBPMS2,1.0,0.0,4
IGHV3-48,1.0,0.0,4
HBM,1.0,0.0,4
IGKV1-8,1.0,0.0,4
CCDC78,1.0,0.0,4
FABP1,1.0,0.0,4
CD207,1.0,0.0,4
GKN1,1.0,0.0,4
CNRIP1,1.0,0.0,4
IGHV3-49,1.0,0.0,4
IGHV1-46,1.0,0.0,4
AHSP,1.0,0.0,4
IGHV1-18,1.0,0.0,4
IGKV2-30,1.0,0.0,4
IGKV1-16,1.0,0.0,4
IGHV6-1,1.0,0.0,4
IGHV4-4,1.0,0.0,4
IGHV2-5,1.0,0.0,4
IGHV3-11,1.0,0.0,4
IGHV3-13,1.0,0.0,4
IGHV3-20,1.0,0.0,4
IGHV3-43,1.0,0.0,4
IGHV3-21,1.0,0.0,4
IGHV3-23,1.0,0.0,4
IGHV1-24,1.0,0.0,4
IGHV3-30,1.0,0.0,4
IGHV4-31,1.0,0.0,4
IGHV3-33,1.0,0.0,4
IGHV4-34,1.0,0.0,4
ZG16,1.0,0.0,4
HIST1H3B,1.0,0.0,4
CAPN14,1.0,0.0,4
RNASE6,0.9940422203946994,-0.011144281,4
PTP4A3,0.9894668006338302,-0.011341112,4
MT1E,0.963597395648405,-0.044360623,4
CDKN1C,0.9605563246659314,-0.07310095,4
CD79A,0.9600623602291183,-0.07310095,4
SAT1,0.9584158589416749,-0.022343848,4
ZEB2,0.9478653057671901,-0.059417326,4
IFNG,0.9413265305953386,-0.047680024,4
PTCH2,0.9260933190686871,-0.13255084,4
IGHA1,0.9188359548576401,-0.10406379,4
AIF1,0.9036015732024598,-0.059585515,4
IL10,0.9026686305729688,-0.18969062,4
JUNB,0.8982236303350156,-0.19881755,4
IGLC3,0.8929647545598476,-0.18969062,4
EPOR,0.8923914748478711,-0.18969062,4
SPON2,0.8903853847276066,-0.11506769,4
ISG15,0.8783950351498906,-0.0788257,4
AREG,0.8756242145894129,-0.1633162,4
HSPA8,0.8709084261564956,-0.18265069,4
ARV1,0.8707382327316042,-0.16289529,4
UBE2S,0.8693860451408159,-0.13871107,4
LYN,0.8589450142045686,-0.24469474,4
SEC11C,0.8273030287874591,-0.10999046,4
NDC80,0.8264240296347559,-0.29771858,4
KLF4,0.8260747405013718,-0.21950671,4
CST3,0.8247950317612993,-0.13741757,4
SOD2,0.8085174520061758,-0.2069898,4
IFITM3,0.8076311273302388,-0.14249578,4
SCGB3A1,0.805252128228524,-0.16897586,4
OAT,0.8021432786879651,-0.16897586,4
HSPA6,0.8015388198542543,-0.2453128,4
PTPRE,0.7938817413294512,-0.22365971,4
CMC1,0.7855724578645642,-0.15671958,4
SUB1,0.7798695592108129,-0.10832874,4
MIF,0.7711479546206486,-0.109949686,4
LIMS1,0.7684482339122803,-0.11901356,4
CXCL2,0.7611255781558384,-0.3983673,4
CXCL3,0.7607124269892356,-0.3983673,4
IGFBP7,0.7554180925518127,-0.24938405,4
PAK1IP1,0.7539406822315465,-0.30061615,4
SLC25A37,0.7485857604989372,-0.22365971,4
REXO2,0.7369882901613387,-0.18142231,4
ISOC2,0.736051865585174,-0.26764628,4
ENTPD1,0.7320421667481494,-0.4462296,4
FGL2,0.729313433990459,-0.4462296,4
TYMP,0.7279461669420173,-0.15708451,4
SCGB1A1,0.7222243291403131,-0.25175086,4
PTGDS,0.6980232662243715,-0.49258998,4
AK1,0.6869786763838743,-0.3775799,4
FBLN5,0.6809452465790267,-0.3211664,4
HSBP1,0.6771137038976421,-0.23212008,4
LPCAT3,0.6650728176262297,-0.40238613,4
RNF145,0.6462674074668797,-0.29604954,4
IGHM,0.6446679577218979,-0.58116645,4
EGR1,0.6242535197463686,-0.34156734,4
PARVB,0.6221942795658479,-0.45080942,4
RTKN2,0.613109267189301,-0.47445193,4
TFDP1,0.6116077336826586,-0.36286992,4
IGLC2,0.6096033495214082,-0.6235435,4
TPM1,0.6015761885021713,-0.47445193,4
CCT6A,0.5909594776520206,-0.2718271,4
MT1F,0.5880661323342621,-0.3837628,4
PAICS,0.5426503745093496,-0.4554205,4
KRT13,0.5400679786097464,-0.7438592,4
CPOX,0.5242858068390555,-0.7438592,4
CD14,0.5235635843246196,-0.7438592,4
C1QA,0.49675043662377383,-0.5029077,4
CSTA,0.47126001998008116,-0.8189742,4
CDK6,0.47101618459957406,-0.47221404,4
CD8A,0.46921235976676534,-0.70809996,4
ACSS1,0.4639348677949542,-0.5337777,4
FKBP4,0.45795937942392395,-0.46109608,4
SFTPA1,0.45292200271861127,-0.54898596,4
IFI6,0.4523363502044686,-0.38329202,4
UBAC1,0.4288637179195576,-0.6721303,4
SERBP1,0.4184347260022393,-0.3276999,4
DKC1,0.41444813561927796,-0.51991093,4
S100A10,0.40373963236519694,-0.44776082,4
FN1,0.39971041681488695,-0.924983,4
C1QB,0.399351873347602,-0.7127779,4
PASK,0.3980253906280916,-0.48857194,4
TMEM14B,0.39314303198133316,-0.30258968,4
VIM,0.3931249448367734,-0.8865219,4
PRF1,0.38106006828382377,-0.4777444,4
CFD,0.3794651484268676,-0.732703,4
AP1S2,0.3782750333189463,-0.3752833,4
STXBP2,0.3646355169270469,-0.47254306,4
GNG11,0.3597311179684062,-0.9916865,4
CTSH,0.3530589746038434,-0.6155209,4
ZFP36L1,0.3433761961068357,-0.35804957,4
PRDX4,0.34251397867379374,-0.66559047,4
CCR7,0.3322648173942673,-0.6140551,4
HMGA1,0.32222767109590655,-0.4121045,4
CD177,0.3174966033903935,-22.140238,4
TMEM190,0.3174966033903933,-19.552504,4
PACRG,0.3174966033903933,-19.552504,4
TMEM63C,0.3174966033903933,-19.552504,4
IGKV2D-29,0.3174966033903933,-19.552504,4
LILRA4,0.3174966033903933,-19.552504,4
TREML1,0.3174966033903933,-19.552504,4
ARHGAP6,0.3174966033903933,-19.552504,4
ZMYND15,0.3174966033903933,-19.552504,4
CETP,0.3174966033903933,-19.552504,4
TREM2,0.3174966033903933,-19.552504,4
FAM216B,0.3174966033903933,-19.552504,4
IGHV3-7,0.3174966033903933,-19.552504,4
MEG3,0.3174966033903933,-19.552504,4
CACNG8,0.3174966033903933,-19.552504,4
RNASE2,0.3174966033903933,-19.552504,4
LINC00304,0.3174966033903933,-19.552504,4
CKAP2L,0.3174966033903933,-19.552504,4
TRAV12-3,0.3174966033903933,-19.552504,4
MAOB,0.3174966033903933,-19.552504,4
GSTA1,0.3174966033903933,-19.552504,4
OMG,0.3174966033903933,-19.552504,4
TRBV24-1,0.3174966033903933,-19.552504,4
IGKV1-17,0.3174966033903933,-19.552504,4
TFPI2,0.3174966033903933,-19.552504,4
MT1H,0.3174966033903933,-19.552504,4
FAM178B,0.3174966033903933,-19.552504,4
GPX2,0.3174966033903933,-19.552504,4
CFB,0.3174966033903933,-19.552504,4
IGHG2,0.3174966033903933,-19.552504,4
TXNDC5,0.3174966033903933,-19.552504,4
ATP12A,0.3174966033903933,-19.552504,4
ORM1,0.3174966033903933,-19.552504,4
RND3,0.3174966033903933,-19.552504,4
DRC3,0.3174966033903933,-19.552504,4
IGLV2-8,0.3174966033903933,-19.552504,4
GALNT5,0.3174966033903933,-19.552504,4
TRBV4-1,0.3174966033903933,-19.552504,4
CDC42BPA,0.3174966033903933,-19.552504,4
SLC38A11,0.3174966033903933,-19.552504,4
CDC20B,0.3174966033903933,-19.552504,4
EDN2,0.3174966033903933,-19.552504,4
TRBV7-2,0.3174966033903933,-19.552504,4
SPC25,0.3174966033903933,-19.552504,4
SUGCT,0.3174966033903933,-19.552504,4
KITLG,0.3174966033903933,-19.552504,4
TRBV6-5,0.3174966033903933,-19.552504,4
IGKV3-15,0.3174966033903933,-19.552504,4
BANK1,0.3174966033903933,-19.552504,4
C1orf189,0.3174966033903933,-19.552504,4
CXCL11,0.3174966033903933,-19.552504,4
HBD,0.3174966033903933,-19.552504,4
CD1E,0.3174966033903933,-19.552504,4
DRD4,0.3174966033903933,-19.552504,4
AQP5,0.3174966033903933,-19.552504,4
LRRC26,0.3174966033903933,-19.552504,4
MSLN,0.3174966033903933,-19.552504,4
OLFM1,0.3174966033903933,-19.552504,4
EFHB,0.3174966033903933,-19.552504,4
GFI1B,0.3174966033903933,-19.552504,4
PI3,0.3174966033903933,-19.552504,4
KLK2,0.3174966033903933,-19.552504,4
KRT5,0.3174966033903933,-19.552504,4
PRSS57,0.3174966033903933,-19.552504,4
AZU1,0.3174966033903933,-19.552504,4
CHL1,0.3174966033903933,-19.552504,4
CXCL5,0.3174966033903933,-19.552504,4
CRCT1,0.3174966033903933,-19.552504,4
CD72,0.3174966033903933,-19.552504,4
CCDC151,0.3174966033903933,-19.552504,4
SAA2,0.3174966033903933,-19.552504,4
SIRPD,0.3174966033903933,-19.552504,4
SERPINB3,0.3174966033903933,-19.552504,4
GPRC5A,0.3174966033903933,-19.552504,4
TNNC1,0.3174966033903933,-19.552504,4
RGS13,0.3174966033903933,-19.552504,4
KIF18B,0.3174966033903933,-19.552504,4
MYL4,0.3174966033903933,-19.552504,4
C11orf88,0.3174966033903933,-19.552504,4
KRT23,0.3174966033903933,-19.552504,4
CAMP,0.3174966033903933,-19.552504,4
EPCAM,0.3174966033903933,-19.552504,4
MMP7,0.3174966033903933,-19.552504,4
SERPINB5,0.3174966033903933,-19.552504,4
CYGB,0.3174966033903933,-19.552504,4
FCGR2B,0.3174966033903933,-19.552504,4
FOLR1,0.3174966033903933,-19.552504,4
CST6,0.3174966033903933,-19.552504,4
ANKRD29,0.3174966033903933,-19.552504,4
CLNK,0.3174966033903933,-19.552504,4
FGFBP1,0.3174966033903933,-19.552504,4
MS4A2,0.3174966033903933,-19.552504,4
LY6H,0.3174966033903933,-19.552504,4
CA8,0.3174966033903933,-19.552504,4
LYPD2,0.3174966033903933,-20.553057,4
STAR,0.3174966033903933,-19.552504,4
F3,0.3174966033903933,-19.552504,4
IGKV1-5,0.3174966033903933,-19.552504,4
DPEP3,0.3174966033903933,-19.552504,4
SDR16C5,0.3174966033903933,-19.552504,4
WIF1,0.3174966033903933,-19.552504,4
CLC,0.3174966033903933,-19.552504,4
CYP2F1,0.3174966033903933,-19.552504,4
TMEM56,0.3174966033903933,-19.552504,4
STC1,0.3174966033903933,-19.552504,4
CEACAM6,0.3174966033903933,-19.552504,4
DEPDC1,0.3174966033903933,-19.552504,4
SLC6A14,0.3174966033903933,-19.552504,4
HDC,0.3174966033903933,-19.552504,4
CCL7,0.3174966033903933,-19.552504,4
CA3,0.3174966033903933,-19.552504,4
NXPH4,0.3174966033903933,-19.552504,4
FAM129C,0.3174966033903933,-19.552504,4
GDF15,0.3174966033903933,-19.552504,4
CXCL13,0.3174966033903933,-20.553057,4
SPAG17,0.3174966033903933,-19.552504,4
SDC2,0.3174966033903933,-19.552504,4
NCL,0.31857521460699467,-0.387335,4
HMGB1,0.30944682244514476,-0.38256243,4
TWISTNB,0.3080205269002265,-0.7071697,4
UROD,0.2941602117935137,-0.7207881,4
RRM2,0.2891225147329642,-23.648846,4
VDAC3,0.28671615732757416,-0.44624293,4
SFTPB,0.27892530289698325,-0.7476761,4
MMD,0.2777109718811649,-1.1167744,4
HSP90B1,0.2706723516896154,-0.36171103,4
UROS,0.2692588429437146,-0.6155209,4
IL17A,0.2644494235243798,-22.726866,4
PTMA,0.26543804693969403,-1.5102674,4
SSR4,0.26479475772527894,-0.34410006,4
FCGR3A,0.25976388905063735,-1.175606,4
COTL1,0.2547834701922417,-0.45040375,4
SLC40A1,0.2535769850840053,-1.166961,4
NKG7,0.24974733552395434,-0.8954705,4
FCN1,0.24290499587087383,-1.175606,4
MT2A,0.23842239336248333,-0.53509396,4
PRKAR2B,0.2253892961058199,-21.87665,4
MED24,0.22711079796584865,-1.2041785,4
GTSE1,0.20602527287939693,-21.554167,4
TYMS,0.2032116500252159,-23.731865,4
MAP2K2,0.20516979427514756,-0.606109,4
CLIC3,0.20227468505132146,-1.2597427,4
GSTP1,0.18516778972812442,-0.4460575,4
MKI67,0.1798128950136939,-23.467163,4
FOS,0.18101963148702796,-1.0967243,4
PMCH,0.16560542335815548,-21.87665,4
SLC25A39,0.1660159588037479,-0.78016454,4
ZMYND10,0.15737899189581764,-20.553057,4
RHCE,0.15737899189581764,-20.553057,4
IGKV4-1,0.15737899189581764,-20.553057,4
IGKV1-39,0.15737899189581764,-20.553057,4
WDR17,0.15737899189581764,-20.553057,4
CENPA,0.15737899189581764,-20.553057,4
CCDC17,0.15737899189581764,-20.553057,4
SORT1,0.15737899189581764,-20.553057,4
TSPAN1,0.15737899189581764,-20.553057,4
CD1C,0.15737899189581764,-20.553057,4
MME,0.15737899189581764,-20.553057,4
DDR2,0.15737899189581764,-20.553057,4
CXCL14,0.15737899189581764,-20.553057,4
ACPP,0.15737899189581764,-20.553057,4
PFKFB2,0.15737899189581764,-20.553057,4
ROPN1L,0.15737899189581764,-20.553057,4
FCGR3B,0.15737899189581764,-20.553057,4
MMRN1,0.15737899189581764,-20.553057,4
IGKV1-12,0.15737899189581764,-20.553057,4
SPRR1B,0.15737899189581764,-20.553057,4
TNFAIP6,0.15737899189581764,-20.553057,4
SFN,0.15737899189581764,-20.553057,4
LGALSL,0.15737899189581764,-20.553057,4
MALL,0.15737899189581764,-20.553057,4
SNTN,0.15737899189581764,-20.553057,4
IL1R2,0.15737899189581764,-20.553057,4
C4BPA,0.15737899189581764,-20.553057,4
AC008268.1,0.15737899189581764,-20.553057,4
CLEC9A,0.15737899189581764,-20.553057,4
IGLL1,0.15737899189581764,-20.553057,4
PLD4,0.15737899189581764,-20.553057,4
CCDC170,0.15737899189581764,-20.553057,4
JSRP1,0.15737899189581764,-20.553057,4
KRT14,0.15737899189581764,-20.553057,4
POU2AF1,0.15737899189581764,-20.553057,4
EBI3,0.15737899189581764,-20.553057,4
FOLR2,0.15737899189581764,-20.553057,4
ZNF556,0.15737899189581764,-20.553057,4
INHBA,0.15737899189581764,-20.553057,4
UPK3B,0.15737899189581764,-20.553057,4
LAMP5,0.15737899189581764,-20.553057,4
IGLV3-1,0.15737899189581764,-20.553057,4
GNAZ,0.15737899189581764,-20.553057,4
CSF3,0.15737899189581764,-20.553057,4
TRBV14,0.15737899189581764,-22.140238,4
TRBV5-1,0.15737899189581764,-20.553057,4
ENHO,0.15737899189581764,-20.553057,4
PPP1R14A,0.15737899189581764,-20.553057,4
CD19,0.15737899189581764,-20.553057,4
CDK1,0.15737899189581764,-20.553057,4
FCGBP,0.15737899189581764,-20.553057,4
PAPPA,0.15737899189581764,-20.553057,4
CTSG,0.15737899189581764,-20.553057,4
LY6D,0.15737899189581764,-20.553057,4
TRBV3-1,0.15737899189581764,-20.553057,4
PLIN5,0.15737899189581764,-20.553057,4
HIST1H2AM,0.15737899189581764,-20.553057,4
NKX2-1,0.15737899189581764,-20.553057,4
SFTA1P,0.15737899189581764,-20.553057,4
STXBP6,0.15737899189581764,-20.553057,4
LY6G6F,0.15737899189581764,-20.553057,4
KLK12,0.15737899189581764,-20.553057,4
CLEC10A,0.15737899189581764,-20.553057,4
KRT17,0.15737899189581764,-20.553057,4
SIGLEC10,0.15737899189581764,-20.553057,4
AKR1C2,0.15737899189581764,-20.553057,4
ORM2,0.15737899189581764,-20.553057,4
CD22,0.15737899189581764,-20.553057,4
CMTM2,0.15737899189581764,-20.553057,4
DEFB1,0.15737899189581764,-20.553057,4
HSD17B6,0.15737899189581764,-20.553057,4
GYPC,0.16208211669482875,-0.52463907,4
CTSZ,0.15207000776934945,-1.3650699,4
GLRX5,0.14947107105367483,-0.7701211,4
TK1,0.14435901779328428,-23.731865,4
TKT,0.13908213645684067,-0.5388552,4
LYAR,0.13883203177023792,-0.60670376,4
CCNB2,0.1317219594306802,-21.87665,4
MTRNR2L12,0.13534293570250697,-0.7193994,4
RANBP1,0.13505834499853242,-0.6626741,4
GCLM,0.1311006707972922,-1.1161295,4
LYZ,0.1292174347898913,-0.61109924,4
SFTPA2,0.12743130666733588,-1.131488,4
GPR183,0.12067909803739917,-0.65497226,4
IL22,0.11050907784036744,-24.023594,4
ASPM,0.10832215900409015,-22.363186,4
MYBL2,0.10832215900409015,-22.363186,4
IL13,0.10602347264589919,-22.726866,4
NPC2,0.10792121156451384,-0.6852307,4
CMTM5,0.10249237493809117,-21.554167,4
BIRC5,0.10249237493809117,-21.554167,4
TIMM13,0.10552812491184818,-0.74110156,4
RGL4,0.10314409534860815,-0.92303616,4
DUT,0.10131413608879394,-0.5504705,4
MKRN1,0.09805422289658901,-0.75036645,4
GNLY,0.0961377317026594,-1.1531409,4
TPGS2,0.09698955807943085,-1.4977465,4
CD52,0.09074305629948833,-1.4482892,4
PDZK1IP1,0.0832644253623605,-21.138575,4
AKR1C1,0.0832644253623605,-21.138575,4
S100P,0.0832644253623605,-21.138575,4
PLD1,0.0832644253623605,-21.138575,4
SERPINB2,0.0832644253623605,-21.138575,4
CDCA3,0.0832644253623605,-21.138575,4
ACRBP,0.0832644253623605,-21.138575,4
PLK1,0.0832644253623605,-21.138575,4
BCL11A,0.0832644253623605,-21.138575,4
LCN2,0.0832644253623605,-21.138575,4
RASSF6,0.0832644253623605,-21.138575,4
NCAPG,0.0832644253623605,-21.138575,4
GP9,0.0832644253623605,-21.138575,4
CFAP53,0.0832644253623605,-21.138575,4
SNCG,0.0832644253623605,-21.138575,4
CD34,0.0832644253623605,-21.138575,4
C16orf89,0.0832644253623605,-21.138575,4
DPYSL3,0.0832644253623605,-21.138575,4
AGR3,0.0832644253623605,-21.138575,4
AQP4,0.0832644253623605,-21.138575,4
TIMD4,0.0832644253623605,-21.138575,4
GJB6,0.0832644253623605,-21.138575,4
PKIB,0.0832644253623605,-21.138575,4
BASP1,0.0832644253623605,-21.138575,4
GPBAR1,0.0832644253623605,-21.138575,4
BGLAP,0.0832644253623605,-21.138575,4
FGG,0.0832644253623605,-21.138575,4
TMEM40,0.0832644253623605,-21.138575,4
KRT15,0.0832644253623605,-21.138575,4
KRT16,0.0832644253623605,-21.138575,4
FCRL5,0.0832644253623605,-21.138575,4
KRT7,0.0832644253623605,-21.138575,4
FAM177B,0.0832644253623605,-21.138575,4
BLK,0.0832644253623605,-21.138575,4
CCDC13,0.0832644253623605,-21.138575,4
PBX1,0.0832644253623605,-21.138575,4
MUC21,0.0832644253623605,-21.138575,4
IGKV3-20,0.0832644253623605,-21.138575,4
PYCR1,0.0832644253623605,-21.138575,4
NRGN,0.08266146534963598,-24.569727,4
BRI3,0.08346892049256412,-0.96817976,4
HOXB2,0.08317112832040133,-1.071993,4
STMN1,0.07899499799187658,-0.90071285,4
CSF2,0.07362708770795015,-22.556385,4
RPL22L1,0.07516056841117427,-0.64599407,4
PRR4,0.0732592693086005,-1.5782082,4
UBE2C,0.05875382752333261,-21.87665,4
PTCRA,0.05875382752333261,-21.87665,4
MND1,0.05875382752333261,-21.87665,4
BPIFB1,0.05875382752333261,-21.87665,4
CDC20,0.057750586462700586,-22.140238,4
SOCS2,0.06143115297101337,-1.3048799,4
TUBA1B,0.05549221771699344,-0.6459105,4
DNASE1L3,0.052168716794762725,-22.363186,4
CTTN,0.0521687167947627,-22.363186,4
IL23A,0.05464914193632588,-1.3453863,4
PLCG2,0.05194301589913493,-1.6848409,4
SLC39A3,0.05153784840056034,-1.6641035,4
SLIRP,0.050365793001016845,-0.8658346,4
FXYD3,0.04545861648421046,-21.554167,4
ITGA2B,0.04545861648421046,-21.554167,4
CSF1R,0.04545861648421046,-21.554167,4
CAV2,0.04545861648421046,-21.554167,4
DAB2,0.04545861648421046,-21.554167,4
IGFBP5,0.04545861648421046,-21.554167,4
HMOX1,0.04545861648421046,-21.554167,4
CHI3L1,0.04545861648421046,-21.554167,4
PLPP2,0.04545861648421046,-21.554167,4
PEBP4,0.04545861648421046,-21.554167,4
MAL2,0.04545861648421046,-21.554167,4
C2orf40,0.04545861648421046,-21.554167,4
CXCL10,0.04545861648421046,-21.554167,4
RBP7,0.04545861648421046,-21.554167,4
TNC,0.04545861648421046,-21.554167,4
DERL3,0.04545861648421046,-21.554167,4
TFF3,0.04545861648421046,-21.554167,4
CYP1B1,0.04545861648421046,-21.554167,4
PTX3,0.04545861648421046,-21.554167,4
TGFA,0.04545861648421046,-21.554167,4
GATA2,0.04545861648421046,-21.554167,4
C19orf33,0.04545861648421046,-21.554167,4
TUBB1,0.03954471527711544,-23.143568,4
TNFRSF13B,0.03384327900958675,-22.140238,4
SAA1,0.03384327900958675,-22.140238,4
KIF2C,0.03384327900958675,-22.140238,4
PRSS27,0.03384327900958675,-22.140238,4
CD24,0.03384327900958675,-22.140238,4
MRC1,0.03384327900958675,-22.140238,4
RHD,0.03384327900958675,-22.140238,4
FHL2,0.0324569007441753,-22.556385,4
TYROBP,0.035175979988603064,-1.1373576,4
KLRD1,0.03308718184310653,-1.8413229,4
TUBB,0.033863606900504745,-0.80068326,4
KLRC2,0.028994338230008212,-23.731865,4
NCOA7,0.028908946992102575,-1.1613152,4
CD302,0.025290887068302174,-21.87665,4
GNAI1,0.025290887068302174,-21.87665,4
HIST1H2BJ,0.025290887068302174,-21.87665,4
PEG10,0.025290887068302174,-21.87665,4
MXRA8,0.025290887068302174,-21.87665,4
ELF3,0.025290887068302174,-21.87665,4
DMC1,0.025290887068302174,-21.87665,4
SFTA3,0.025290887068302174,-21.87665,4
MMP9,0.025290887068302174,-21.87665,4
HMMR,0.025290887068302174,-21.87665,4
IL3RA,0.025290887068302174,-21.87665,4
VPREB3,0.025290887068302174,-21.87665,4
IDO1,0.025290887068302174,-21.87665,4
ADD2,0.025290887068302174,-21.87665,4
LRRC25,0.025290887068302174,-21.87665,4
PLEKHH2,0.025290887068302174,-21.87665,4
SMPD3,0.025290887068302174,-21.87665,4
CD80,0.025290887068302174,-21.87665,4
SPAG4,0.025290887068302174,-21.87665,4
ENPP2,0.025290887068302174,-21.87665,4
ANXA3,0.025290887068302174,-21.87665,4
E2F5,0.025290887068302174,-21.87665,4
CCL23,0.025290887068302174,-21.87665,4
LMO2,0.025290887068302174,-21.87665,4
FCRL2,0.025290887068302174,-21.87665,4
FCRLA,0.025290887068302174,-21.87665,4
TBC1D16,0.025290887068302174,-21.87665,4
KRT4,0.025290887068302174,-21.87665,4
TBXA2R,0.025290887068302174,-21.87665,4
KCNH2,0.025290887068302174,-21.87665,4
ASF1B,0.021752695054348747,-23.017483,4
CMTM8,0.024087942729671796,-1.4855952,4
CDT1,0.020863789804466026,-22.556385,4
MATK,0.022378731904719073,-1.5098054,4
TRAV13-2,0.019573042209849147,-22.363186,4
CCNB1,0.019573042209849147,-22.363186,4
MARCKS,0.019573042209849147,-22.363186,4
CCL20,0.01986673981735197,-1.9937122,4
TRDC,0.0189588737212521,-24.023594,4
CPVL,0.017968632187821496,-24.70068,4
CHI3L2,0.016810986135900225,-1.9315873,4
TNFRSF9,0.014249671196288075,-23.143568,4
CX3CR1,0.014249671196288052,-22.140238,4
TCF4,0.014249671196288052,-22.140238,4
RBP4,0.014249671196288052,-22.140238,4
FPR1,0.014249671196288052,-22.140238,4
KRT19,0.014249671196288052,-22.140238,4
TSPAN13,0.014249671196288052,-22.140238,4
AKAP12,0.014249671196288052,-22.140238,4
CCND1,0.014249671196288052,-22.140238,4
ADAM23,0.014249671196288052,-22.140238,4
FBN1,0.014249671196288052,-22.140238,4
SPIB,0.014249671196288052,-22.140238,4
IGF1,0.014249671196288052,-22.140238,4
HP,0.014249671196288052,-22.140238,4
BEX1,0.014249671196288052,-22.140238,4
RNF130,0.015573020283738684,-1.9139533,4
NUF2,0.011358185320703852,-22.556385,4
CCNE1,0.011358185320703852,-22.556385,4
CCL3,0.009792366287190234,-2.3975868,4
HES1,0.009007489518522725,-23.810423,4
SGCE,0.008101907464157267,-22.363186,4
WFDC2,0.008101907464157267,-22.363186,4
CSF2RB,0.008101907464157267,-22.363186,4
CPNE5,0.008101907464157267,-22.363186,4
F13A1,0.008101907464157267,-22.363186,4
LEPR,0.008101907464157267,-22.363186,4
TCL1A,0.008101907464157267,-22.363186,4
PTPRS,0.008101907464157267,-22.363186,4
HCK,0.008101907464157267,-22.363186,4
MUC20,0.008101907464157267,-22.363186,4
METAP2,0.009843898590636578,-1.2022649,4
CDKN3,0.007584865621687075,-23.017483,4
UTS2,0.007584865621687075,-23.017483,4
NEAT1,0.008470842812006964,-1.465555,4
RAB32,0.006609847577615274,-22.726866,4
CYR61,0.006609847577615274,-22.726866,4
PPBP,0.005790230251987138,-25.918459,4
ACTG1,0.0069557908892487865,-2.333551,4
MT1X,0.006454467049243132,-1.1189712,4
PF4,0.004871869343433635,-24.209688,4
MARCH1,0.0046380004428876595,-22.556385,4
TFR2,0.0046380004428876595,-22.556385,4
MT1G,0.0046380004428876595,-22.556385,4
EPS8L1,0.0046380004428876595,-22.556385,4
VMO1,0.0046380004428876595,-22.556385,4
KRT6A,0.0046380004428876595,-22.556385,4
NMNAT3,0.0046380004428876595,-22.556385,4
MBOAT2,0.0046380004428876595,-22.556385,4
MDK,0.0046380004428876595,-22.556385,4
TRAP1,0.005235125807948845,-2.0976605,4
RHOB,0.005035484128077823,-1.744045,4
GEM,0.00372579156014838,-23.810423,4
FTL,0.003942317147050733,-1.920467,4
CPA3,0.002669151672518031,-22.726866,4
RETN,0.002669151672518031,-22.726866,4
LILRB2,0.002669151672518031,-22.726866,4
SPP1,0.002669151672518031,-22.726866,4
GAS6,0.002669151672518031,-22.726866,4
CD33,0.002669151672518031,-22.726866,4
IRF7,0.0033973896652431416,-1.7748864,4
S100A9,0.0034216350970541222,-1.1175328,4
SCD,0.0022538565179099908,-23.017483,4
CRYAB,0.0022538565179099908,-23.017483,4
HIST1H4C,0.0029467670061182555,-1.6211305,4
NME1,0.002380570993948481,-1.8151152,4
FSCN1,0.0015929743273418017,-23.259602,4
PILRA,0.0015425712916705909,-22.879423,4
SLC34A2,0.0015425712916705909,-22.879423,4
S100A2,0.0015425712916705909,-22.879423,4
MYB,0.0015425712916705909,-22.879423,4
KRT1,0.0014739145607953748,-24.023594,4
RAN,0.0018012782181361655,-1.0502939,4
CCT2,0.0015464206258097972,-1.4942558,4
APOD,0.0009502336087958777,-23.367071,4
IFIT2,0.0008972399855869557,-25.564299,4
MEF2C,0.0008945428508191062,-23.017483,4
APOBEC3A,0.0008945428508191062,-23.017483,4
EMP2,0.0008945428508191062,-23.017483,4
FCER1A,0.0008945428508191062,-23.017483,4
SLC29A1,0.0008945428508191062,-23.017483,4
CD93,0.0008945428508191062,-23.017483,4
CCR10,0.0006803963927766622,-24.781965,4
TMEM176B,0.000566602361093086,-23.467163,4
PLAC8,0.0009215486956718807,-1.3243462,4
PPP1R14B,0.0007683144612303729,-2.3713706,4
ABCA3,0.0005202100730661085,-23.143568,4
PRC1,0.0005202100730661085,-23.143568,4
CXCL1,0.0005202100730661085,-23.143568,4
AGR2,0.0005202100730661085,-23.143568,4
SNCA,0.0005202100730661085,-23.143568,4
CMBL,0.0005202100730661085,-23.143568,4
TMEM176A,0.0005202100730661085,-23.143568,4
PCOLCE,0.0005202100730661085,-23.143568,4
S100B,0.0004405082946082317,-24.89611,4
PCSK1N,0.00039968585299664656,-24.569727,4
IFIT3,0.00034601476146822735,-24.209688,4
HIST1H2BH,0.0003377395736464428,-23.560827,4
PARD6B,0.00030323141422867767,-23.259602,4
TCF7L2,0.0002671467318915642,-23.467163,4
JUN,0.00041879418451216504,-2.7352595,4
PTGS2,0.00020126219193790888,-23.648846,4
SLC7A7,0.00017710289144470467,-23.367071,4
AGER,0.0001571913267811319,-23.560827,4
HBA1,0.0001571913267811319,-23.560827,4
CSF3R,0.00010361019412784744,-23.467163,4
C15orf48,0.00010361019412784744,-23.467163,4
IFIT1,8.433832303608687e-05,-23.88498,4
MS4A1,8.433832303608665e-05,-23.88498,4
YBX1,0.00018173231347201157,-1.4593767,4
CD79B,0.00013871410083272185,-2.5104573,4
RGS18,7.141819020007086e-05,-23.810423,4
CCDC144A,6.0701247727660766e-05,-23.560827,4
PLA2G2A,6.0701247727660766e-05,-23.560827,4
KCTD12,5.4553515762054895e-05,-23.731865,4
NME4,9.532670026341834e-05,-2.5344844,4
CD36,4.252980036132243e-05,-23.88498,4
PA2G4,0.0001047262988458947,-1.3832206,4
TNFAIP2,3.5605914111564494e-05,-23.648846,4
RASD1,3.5204490026217964e-05,-24.89611,4
HEMGN,3.440263292463052e-05,-24.088282,4
CCL2,3.057846139648786e-05,-24.023594,4
TNFRSF12A,3.057846139648786e-05,-24.023594,4
IGSF6,2.0907465921741223e-05,-23.731865,4
ZWINT,1.9489169246246367e-05,-24.523367,4
HNRNPA1,5.6744851026304526e-05,-2.2788508,4
RALGPS2,1.5073353772533335e-05,-24.023594,4
CLEC7A,1.2287741581227052e-05,-23.810423,4
FBLN1,1.1049643444526798e-05,-24.150238,4
CD8B,1.5217542795394469e-05,-2.924249,4
TTC38,8.971118517949909e-06,-24.088282,4
PHACTR1,7.227364581603211e-06,-23.88498,4
KLRF1,7.227364581603211e-06,-23.88498,4
MINPP1,5.338304417306451e-06,-24.150238,4
RASGRP3,2.505108447177769e-06,-24.023594,4
PHGDH,2.3874426483098712e-06,-24.32183,4
HVCN1,1.889188442999447e-06,-24.266827,4
RFESD,1.476009113147191e-06,-24.088282,4
CYBB,1.476009113147191e-06,-24.088282,4
CLDN5,1.4308069956308223e-06,-24.374855,4
FGFBP2,1.3648034972986567e-06,-24.209688,4
MAFB,8.700306929716225e-07,-24.150238,4
HIST1H2AG,5.130213767753125e-07,-24.209688,4
FAM89A,4.769852911693288e-07,-24.32183,4
IER5,1.2031136689438196e-06,-2.5106757,4
TPM2,2.820373605774659e-07,-24.374855,4
MOB3C,2.3605596161629074e-07,-24.475504,4
KRT18,1.7852846173866128e-07,-24.32183,4
ECI2,6.730106309425067e-07,-2.914859,4
LTB,7.263761453371472e-07,-5.3189454,4
MYOM2,5.118785898593263e-08,-25.36391,4
FGR,3.4495425420778624e-08,-24.569727,4
CD68,2.0400039725264735e-08,-24.614677,4
ALDH2,8.311169455384447e-09,-24.820995,4
S100A12,4.217972008972578e-09,-24.741879,4
SLC2A1,1.0465885132181319e-09,-24.967615,4
LMO7,7.605921869023096e-10,-24.932293,4
HMBS,5.415157350040655e-10,-24.820995,4
G0S2,4.5078775167067437e-10,-24.967615,4
NPM1,1.2884447242273591e-08,-2.926132,4
TNFSF13B,1.3074631028364945e-10,-25.19391,4
SLC38A5,1.1131040003652417e-10,-24.932293,4
VCAN,2.1868515743109397e-11,-25.10109,4
HBA2,1.6758787494041543e-11,-25.309355,4
IER2,1.7774402780156317e-10,-2.565483,4
WARS,3.200806736607131e-13,-25.33688,4
NUP214,8.62535371876016e-14,-25.492233,4
METTL13,6.538144153216915e-14,-25.416557,4
HSD17B7,7.833860155283674e-15,-25.51664,4
JUND,4.888656997262768e-13,-2.3662388,4
VSIG1,5.484708508006487e-16,-25.633091,4
RUVBL2,4.903426009464878e-17,-25.899752,4
S100A8,3.389837802875222e-15,-3.3625271,4
HBB,1.2166040061822343e-18,-26.587593,4
SELL,1.665000276464783e-14,-3.1581419,4
FOSB,2.092917050457399e-18,-3.275297,4
FXN,1.7561973729928255e-24,-26.339039,4
LST1,2.159144463028107e-34,-27.44269,4
